-- phpMyAdmin SQL Dump
-- version 4.1.14.8
-- http://www.phpmyadmin.net
--
-- Host: db655202258.db.1and1.com
-- Generation Time: Nov 07, 2016 at 04:53 PM
-- Server version: 5.5.50-0+deb7u2-log
-- PHP Version: 5.4.45-0+deb7u5

SET SQL_MODE = "NO_AUTO_VALUE_ON_ZERO";
SET time_zone = "+00:00";


/*!40101 SET @OLD_CHARACTER_SET_CLIENT=@@CHARACTER_SET_CLIENT */;
/*!40101 SET @OLD_CHARACTER_SET_RESULTS=@@CHARACTER_SET_RESULTS */;
/*!40101 SET @OLD_COLLATION_CONNECTION=@@COLLATION_CONNECTION */;
/*!40101 SET NAMES utf8 */;

--
-- Database: `db655202258`
--

DELIMITER $$
--
-- Procedures
--
CREATE DEFINER=`dbo655202258`@`%` PROCEDURE `Actualizar Total Boletas`()
    NO SQL
UPDATE Eventos
SET Eventos.BoletasDisponibles = (SELECT COUNT(*) 
FROM Boletas WHERE Eventos.idEventos = Boletas.Eventos_idEventos)$$

CREATE DEFINER=`dbo655202258`@`%` PROCEDURE `crearBoleteria`(IN `cIni` SMALLINT UNSIGNED, IN `cFin` SMALLINT UNSIGNED, IN `locali` VARCHAR(20), IN `val` INT UNSIGNED, IN `evento` INT UNSIGNED, IN `pVen` INT UNSIGNED)
    NO SQL
WHILE cIni <= cFin DO
INSERT INTO Boletas(idBoletas, localidad, valor, Eventos_idEventos, Puntos_de_Venta_idPuntos_de_Venta, Disponible) VALUES (cIni, locali, val, evento, pVen, "t") ON DUPLICATE KEY UPDATE localidad = locali, valor = val, Puntos_de_Venta_idPuntos_de_Venta = pVen;
SET cIni = cIni + 1;
END WHILE$$

CREATE DEFINER=`dbo655202258`@`%` PROCEDURE `CrearUsuario`(IN `us` VARCHAR(45), IN `pass` VARCHAR(45), IN `id` INT)
    NO SQL
INSERT INTO Administradores (idAdministradores, Usuario, Contrasena) 
VALUES (id, us, SHA2(CONCAT(pass,us),512)) ON DUPLICATE KEY UPDATE Contrasena = SHA2(CONCAT(pass,us),512)$$

CREATE DEFINER=`dbo655202258`@`%` PROCEDURE `insertarTelefono`(IN `telefonoIn` BIGINT(20) UNSIGNED, IN `direccionIn` VARCHAR(20))
    NO SQL
INSERT INTO Informacion_Contacto(Telefono, Direccion)
VALUES (telefonoIn, direccionIn)
ON DUPLICATE KEY UPDATE Direccion = direccionIn$$

--
-- Functions
--
CREATE DEFINER=`dbo655202258`@`%` FUNCTION `validacion`(`ctrs` VARCHAR(45), `usuari` VARCHAR(45)) RETURNS int(11)
    NO SQL
RETURN (SELECT COUNT(*) from Administradores  WHERE Usuario = usuari AND 
		Contrasena = SHA2(CONCAT(ctrs,usuari),512))$$

DELIMITER ;

-- --------------------------------------------------------

--
-- Table structure for table `Administradores`
--

CREATE TABLE IF NOT EXISTS `Administradores` (
  `idAdministradores` int(11) NOT NULL,
  `Usuario` varchar(45) COLLATE latin1_general_ci NOT NULL,
  `Contrasena` varchar(128) COLLATE latin1_general_ci NOT NULL,
  PRIMARY KEY (`idAdministradores`),
  UNIQUE KEY `Usuario_UNIQUE` (`Usuario`)
) ENGINE=InnoDB DEFAULT CHARSET=latin1 COLLATE=latin1_general_ci;

--
-- Dumping data for table `Administradores`
--

INSERT INTO `Administradores` (`idAdministradores`, `Usuario`, `Contrasena`) VALUES
(0, 'davidS', '7d30de5436e48e4d90c6599ec9016965a76f8e6437d7fd6e2a0e705bb19e6aa11ae97ec257fe5a5096ea47c40fe33fee9539d8180b8bb794065a89e9dab55ee0'),
(890, 'caro123', '21c14ad2deed273089026c9405b410664373bc686a9a1fb5cd48796590623b728875c4f9511e8983032b1431dffe92eebeef357f0e754afa73ae1de993ad0369'),
(87256621, 'lauraP', '660909587db880d2f68224d58fdf9c87f0aa1e9d07ae0f54291d39e4aeb6be4875c8629cc4f0b8af06c25b15ceee15b49682d30a386dcf25dd610d60a8086335');

-- --------------------------------------------------------

--
-- Table structure for table `Artistas`
--

CREATE TABLE IF NOT EXISTS `Artistas` (
  `idArtistas` int(10) unsigned NOT NULL AUTO_INCREMENT,
  `nombre` varchar(45) COLLATE latin1_general_ci NOT NULL,
  `Tipo_Artista_Evento_Tipo` varchar(1) COLLATE latin1_general_ci NOT NULL,
  `Paises_idPaises` varchar(3) COLLATE latin1_general_ci NOT NULL,
  `Representantes_idRepresentante` bigint(20) unsigned NOT NULL,
  `Representantes_tipoDoc` varchar(1) COLLATE latin1_general_ci NOT NULL,
  PRIMARY KEY (`idArtistas`),
  UNIQUE KEY `nombre_UNIQUE` (`nombre`),
  KEY `fk_Artistas_Tipo_Artista_Evento1_idx` (`Tipo_Artista_Evento_Tipo`),
  KEY `fk_Artistas_Paises1_idx` (`Paises_idPaises`),
  KEY `fk_Artistas_Representantes1_idx` (`Representantes_idRepresentante`,`Representantes_tipoDoc`)
) ENGINE=InnoDB  DEFAULT CHARSET=latin1 COLLATE=latin1_general_ci AUTO_INCREMENT=15 ;

--
-- Dumping data for table `Artistas`
--

INSERT INTO `Artistas` (`idArtistas`, `nombre`, `Tipo_Artista_Evento_Tipo`, `Paises_idPaises`, `Representantes_idRepresentante`, `Representantes_tipoDoc`) VALUES
(9, 'David Sanchez Uribe', 't', 'ARG', 67355221, 'C'),
(10, 'Lucrecia', 'p', 'BGD', 67355221, 'C'),
(13, 'Elmechudo', 'm', 'ASM', 67355221, 'C'),
(14, 'Teatro Hora 25', 't', 'COL', 897436627, 'C');

-- --------------------------------------------------------

--
-- Table structure for table `Boletas`
--

CREATE TABLE IF NOT EXISTS `Boletas` (
  `idBoletas` smallint(6) NOT NULL,
  `localidad` varchar(20) COLLATE latin1_general_ci DEFAULT NULL,
  `valor` int(10) unsigned NOT NULL,
  `Eventos_idEventos` int(10) unsigned NOT NULL,
  `Puntos_de_Venta_idPuntos_de_Venta` int(10) unsigned NOT NULL,
  `Disponible` varchar(1) COLLATE latin1_general_ci NOT NULL,
  PRIMARY KEY (`idBoletas`,`Eventos_idEventos`),
  KEY `fk_Boletas_Eventos1_idx` (`Eventos_idEventos`),
  KEY `fk_Boletas_Puntos_de_Venta1_idx` (`Puntos_de_Venta_idPuntos_de_Venta`)
) ENGINE=InnoDB DEFAULT CHARSET=latin1 COLLATE=latin1_general_ci;

--
-- Dumping data for table `Boletas`
--

INSERT INTO `Boletas` (`idBoletas`, `localidad`, `valor`, `Eventos_idEventos`, `Puntos_de_Venta_idPuntos_de_Venta`, `Disponible`) VALUES
(2, 'Oriental', 12000, 4, 2, 't'),
(2, NULL, 10000, 9, 2, ''),
(3, 'Oriental', 12000, 4, 2, 't'),
(4, 'Oriental', 12000, 4, 2, 't'),
(5, 'Oriental', 12000, 4, 2, 't'),
(6, 'Oriental', 12000, 4, 2, 't'),
(7, 'Oriental', 12000, 4, 2, 't'),
(7, 'norte', 500000, 7, 4, 't'),
(8, 'Oriental', 12000, 4, 2, 't'),
(8, 'norte', 500000, 7, 4, 't'),
(9, 'Oriental', 12000, 4, 2, 't'),
(10, 'Oriental', 12000, 4, 2, 't'),
(11, 'Oriental', 12000, 4, 2, 't'),
(12, 'Oriental', 12000, 4, 2, 't'),
(13, 'Oriental', 12000, 4, 2, 't'),
(14, 'Oriental', 12000, 4, 2, 't'),
(15, 'Oriental', 12000, 4, 2, 't'),
(16, 'Oriental', 12000, 4, 2, 't'),
(17, 'Oriental', 12000, 4, 2, 't'),
(18, 'Oriental', 12000, 4, 2, 't'),
(19, 'Oriental', 12000, 4, 2, 't'),
(20, 'Oriental', 12000, 4, 2, 't'),
(21, 'Oriental', 12000, 4, 2, 't'),
(22, 'Oriental', 12000, 4, 2, 't'),
(23, 'Oriental', 12000, 4, 2, 't'),
(24, 'Oriental', 12000, 4, 2, 't'),
(25, 'Oriental', 12000, 4, 2, 't'),
(26, 'Oriental', 12000, 4, 2, 't'),
(27, 'Oriental', 12000, 4, 2, 't'),
(28, 'Oriental', 12000, 4, 2, 't'),
(29, 'Oriental', 12000, 4, 2, 't'),
(30, 'Oriental', 12000, 4, 2, 't'),
(31, 'Oriental', 12000, 4, 2, 't'),
(32, 'Oriental', 12000, 4, 2, 't'),
(33, 'Oriental', 12000, 4, 2, 't'),
(34, 'Oriental', 12000, 4, 2, 't'),
(35, 'Oriental', 12000, 4, 2, 't'),
(36, 'Oriental', 12000, 4, 2, 't'),
(37, 'Oriental', 12000, 4, 2, 't'),
(38, 'Oriental', 12000, 4, 2, 't'),
(39, 'Oriental', 12000, 4, 2, 't'),
(40, 'Oriental', 12000, 4, 2, 't'),
(41, 'Oriental', 12000, 4, 2, 't'),
(42, 'Oriental', 12000, 4, 2, 't'),
(43, 'Oriental', 12000, 4, 2, 't'),
(44, 'Oriental', 12000, 4, 2, 't'),
(45, 'Oriental', 12000, 4, 2, 't'),
(46, 'Oriental', 12000, 4, 2, 't'),
(47, 'Oriental', 12000, 4, 2, 't'),
(48, 'Oriental', 12000, 4, 2, 't'),
(49, 'Oriental', 12000, 4, 2, 't'),
(50, 'Oriental', 12000, 4, 2, 't'),
(51, 'Oriental', 12000, 4, 2, 't'),
(52, 'Oriental', 12000, 4, 2, 't'),
(53, 'Oriental', 12000, 4, 2, 't'),
(54, 'Oriental', 12000, 4, 2, 't'),
(55, 'Oriental', 12000, 4, 2, 't'),
(56, 'Oriental', 12000, 4, 2, 't'),
(57, 'Oriental', 12000, 4, 2, 't'),
(58, 'Oriental', 12000, 4, 2, 't'),
(59, 'Oriental', 12000, 4, 2, 't'),
(60, 'Oriental', 12000, 4, 2, 't'),
(61, 'Oriental', 12000, 4, 2, 't'),
(62, 'Oriental', 12000, 4, 2, 't'),
(63, 'Oriental', 12000, 4, 2, 't'),
(64, 'Oriental', 12000, 4, 2, 't'),
(65, 'Oriental', 12000, 4, 2, 't'),
(66, 'Oriental', 12000, 4, 2, 't'),
(67, 'Oriental', 12000, 4, 2, 't'),
(68, 'Oriental', 12000, 4, 2, 't'),
(69, 'Oriental', 12000, 4, 2, 't'),
(70, 'Oriental', 12000, 4, 2, 't'),
(71, 'Oriental', 12000, 4, 2, 't'),
(72, 'Oriental', 12000, 4, 2, 't'),
(73, 'Oriental', 12000, 4, 2, 't'),
(74, 'Oriental', 12000, 4, 2, 't'),
(75, 'Oriental', 12000, 4, 2, 't'),
(76, 'Oriental', 12000, 4, 2, 't'),
(77, 'Oriental', 12000, 4, 2, 't'),
(78, 'Oriental', 12000, 4, 2, 't'),
(79, 'Oriental', 12000, 4, 2, 't'),
(80, 'Oriental', 12000, 4, 2, 't'),
(81, 'Oriental', 12000, 4, 2, 't'),
(82, 'Oriental', 12000, 4, 2, 't'),
(83, 'Oriental', 12000, 4, 2, 't'),
(84, 'Oriental', 12000, 4, 2, 't'),
(85, 'Oriental', 12000, 4, 2, 't'),
(86, 'Oriental', 12000, 4, 2, 't'),
(87, 'Oriental', 12000, 4, 2, 't'),
(88, 'Oriental', 12000, 4, 2, 't'),
(89, 'Oriental', 12000, 4, 2, 't'),
(90, 'Oriental', 12000, 4, 2, 't'),
(91, 'Oriental', 12000, 4, 2, 't'),
(92, 'Oriental', 12000, 4, 2, 't'),
(93, 'Oriental', 12000, 4, 2, 't'),
(94, 'Oriental', 12000, 4, 2, 't'),
(95, 'Oriental', 12000, 4, 2, 't'),
(96, 'Oriental', 12000, 4, 2, 't'),
(97, 'Oriental', 12000, 4, 2, 't'),
(98, 'Oriental', 12000, 4, 2, 't'),
(99, 'Oriental', 12000, 4, 2, 't'),
(100, 'Oriental', 12000, 4, 2, 't'),
(101, 'Oriental', 12000, 4, 2, 't'),
(102, 'Oriental', 12000, 4, 2, 't'),
(103, 'Oriental', 12000, 4, 2, 't'),
(104, 'Oriental', 12000, 4, 2, 't'),
(105, 'Oriental', 12000, 4, 2, 't'),
(106, 'Oriental', 12000, 4, 2, 't'),
(107, 'Oriental', 12000, 4, 2, 't'),
(108, 'Oriental', 12000, 4, 2, 't'),
(109, 'Oriental', 12000, 4, 2, 't'),
(110, 'Oriental', 12000, 4, 2, 't'),
(111, 'Oriental', 12000, 4, 2, 't'),
(112, 'Oriental', 12000, 4, 2, 't'),
(113, 'Oriental', 12000, 4, 2, 't'),
(114, 'Oriental', 12000, 4, 2, 't'),
(115, 'Oriental', 12000, 4, 2, 't'),
(116, 'Oriental', 12000, 4, 2, 't'),
(117, 'Oriental', 12000, 4, 2, 't'),
(118, 'Oriental', 12000, 4, 2, 't'),
(119, 'Oriental', 12000, 4, 2, 't'),
(120, 'Oriental', 12000, 4, 2, 't'),
(121, 'Oriental', 12000, 4, 2, 't'),
(122, 'Oriental', 12000, 4, 2, 't'),
(123, 'Oriental', 12000, 4, 2, 't'),
(124, 'Oriental', 12000, 4, 2, 't'),
(125, 'Oriental', 12000, 4, 2, 't'),
(126, 'Oriental', 12000, 4, 2, 't'),
(127, 'Oriental', 12000, 4, 2, 't'),
(128, 'Oriental', 12000, 4, 2, 't'),
(129, 'Oriental', 12000, 4, 2, 't'),
(130, 'Oriental', 12000, 4, 2, 't'),
(131, 'Oriental', 12000, 4, 2, 't'),
(132, 'Oriental', 12000, 4, 2, 't'),
(133, 'Oriental', 12000, 4, 2, 't'),
(134, 'Oriental', 12000, 4, 2, 't'),
(135, 'Oriental', 12000, 4, 2, 't'),
(136, 'Oriental', 12000, 4, 2, 't'),
(137, 'Oriental', 12000, 4, 2, 't'),
(138, 'Oriental', 12000, 4, 2, 't'),
(139, 'Oriental', 12000, 4, 2, 't'),
(140, 'Oriental', 12000, 4, 2, 't'),
(141, 'Oriental', 12000, 4, 2, 't'),
(142, 'Oriental', 12000, 4, 2, 't'),
(143, 'Oriental', 12000, 4, 2, 't'),
(144, 'Oriental', 12000, 4, 2, 't'),
(145, 'Oriental', 12000, 4, 2, 't'),
(146, 'Oriental', 12000, 4, 2, 't'),
(147, 'Oriental', 12000, 4, 2, 't'),
(148, 'Oriental', 12000, 4, 2, 't'),
(149, 'Oriental', 12000, 4, 2, 't'),
(150, 'Oriental', 12000, 4, 2, 't'),
(151, 'Oriental', 12000, 4, 2, 't'),
(152, 'Oriental', 12000, 4, 2, 't'),
(153, 'Oriental', 12000, 4, 2, 't'),
(154, 'Oriental', 12000, 4, 2, 't'),
(155, 'Oriental', 12000, 4, 2, 't'),
(156, 'Oriental', 12000, 4, 2, 't'),
(157, 'Oriental', 12000, 4, 2, 't'),
(158, 'Oriental', 12000, 4, 2, 't'),
(159, 'Oriental', 12000, 4, 2, 't'),
(160, 'Oriental', 12000, 4, 2, 't'),
(161, 'Oriental', 12000, 4, 2, 't'),
(162, 'Oriental', 12000, 4, 2, 't'),
(163, 'Oriental', 12000, 4, 2, 't'),
(164, 'Oriental', 12000, 4, 2, 't'),
(165, 'Oriental', 12000, 4, 2, 't'),
(166, 'Oriental', 12000, 4, 2, 't'),
(167, 'Oriental', 12000, 4, 2, 't'),
(168, 'Oriental', 12000, 4, 2, 't'),
(169, 'Oriental', 12000, 4, 2, 't'),
(170, 'Oriental', 12000, 4, 2, 't'),
(171, 'Oriental', 12000, 4, 2, 't'),
(172, 'Oriental', 12000, 4, 2, 't'),
(173, 'Oriental', 12000, 4, 2, 't'),
(174, 'Oriental', 12000, 4, 2, 't'),
(175, 'Oriental', 12000, 4, 2, 't'),
(176, 'Oriental', 12000, 4, 2, 't'),
(177, 'Oriental', 12000, 4, 2, 't'),
(178, 'Oriental', 12000, 4, 2, 't'),
(179, 'Oriental', 12000, 4, 2, 't'),
(180, 'Oriental', 12000, 4, 2, 't'),
(181, 'Oriental', 12000, 4, 2, 't'),
(182, 'Oriental', 12000, 4, 2, 't'),
(183, 'Oriental', 12000, 4, 2, 't'),
(184, 'Oriental', 12000, 4, 2, 't'),
(185, 'Oriental', 12000, 4, 2, 't'),
(186, 'Oriental', 12000, 4, 2, 't'),
(187, 'Oriental', 12000, 4, 2, 't'),
(188, 'Oriental', 12000, 4, 2, 't'),
(189, 'Oriental', 12000, 4, 2, 't'),
(190, 'Oriental', 12000, 4, 2, 't'),
(191, 'Oriental', 12000, 4, 2, 't'),
(192, 'Oriental', 12000, 4, 2, 't'),
(193, 'Oriental', 12000, 4, 2, 't'),
(194, 'Oriental', 12000, 4, 2, 't'),
(195, 'Oriental', 12000, 4, 2, 't'),
(196, 'Oriental', 12000, 4, 2, 't'),
(197, 'Oriental', 12000, 4, 2, 't'),
(198, 'Oriental', 12000, 4, 2, 't'),
(199, 'Oriental', 12000, 4, 2, 't'),
(200, 'Oriental', 12000, 4, 2, 't'),
(201, 'Oriental', 12000, 4, 2, 't'),
(202, 'Oriental', 12000, 4, 2, 't'),
(203, 'Oriental', 12000, 4, 2, 't'),
(204, 'Oriental', 12000, 4, 2, 't'),
(205, 'Oriental', 12000, 4, 2, 't'),
(206, 'Oriental', 12000, 4, 2, 't'),
(207, 'Oriental', 12000, 4, 2, 't'),
(208, 'Oriental', 12000, 4, 2, 't'),
(209, 'Oriental', 12000, 4, 2, 't'),
(210, 'Oriental', 12000, 4, 2, 't'),
(211, 'Oriental', 12000, 4, 2, 't'),
(212, 'Oriental', 12000, 4, 2, 't'),
(213, 'Oriental', 12000, 4, 2, 't'),
(214, 'Oriental', 12000, 4, 2, 't'),
(215, 'Oriental', 12000, 4, 2, 't'),
(216, 'Oriental', 12000, 4, 2, 't'),
(217, 'Oriental', 12000, 4, 2, 't'),
(218, 'Oriental', 12000, 4, 2, 't'),
(219, 'Oriental', 12000, 4, 2, 't'),
(220, 'Oriental', 12000, 4, 2, 't'),
(221, 'Oriental', 12000, 4, 2, 't'),
(222, 'Oriental', 12000, 4, 2, 't'),
(223, 'Oriental', 12000, 4, 2, 't'),
(224, 'Oriental', 12000, 4, 2, 't'),
(225, 'Oriental', 12000, 4, 2, 't'),
(226, 'Oriental', 12000, 4, 2, 't'),
(227, 'Oriental', 12000, 4, 2, 't'),
(228, 'Oriental', 12000, 4, 2, 't'),
(229, 'Oriental', 12000, 4, 2, 't'),
(230, 'Oriental', 12000, 4, 2, 't'),
(231, 'Oriental', 12000, 4, 2, 't'),
(232, 'Oriental', 12000, 4, 2, 't'),
(233, 'Oriental', 12000, 4, 2, 't'),
(234, 'Oriental', 12000, 4, 2, 't'),
(235, 'Oriental', 12000, 4, 2, 't'),
(236, 'Oriental', 12000, 4, 2, 't'),
(237, 'Oriental', 12000, 4, 2, 't'),
(238, 'Oriental', 12000, 4, 2, 't'),
(239, 'Oriental', 12000, 4, 2, 't'),
(240, 'Oriental', 12000, 4, 2, 't'),
(241, 'Oriental', 12000, 4, 2, 't'),
(242, 'Oriental', 12000, 4, 2, 't'),
(243, 'Oriental', 12000, 4, 2, 't'),
(244, 'Oriental', 12000, 4, 2, 't'),
(245, 'Oriental', 12000, 4, 2, 't'),
(246, 'Oriental', 12000, 4, 2, 't'),
(247, 'Oriental', 12000, 4, 2, 't'),
(248, 'Oriental', 12000, 4, 2, 't'),
(249, 'Oriental', 12000, 4, 2, 't'),
(250, 'Oriental', 12000, 4, 2, 't'),
(251, 'Oriental', 12000, 4, 2, 't'),
(252, 'Oriental', 12000, 4, 2, 't'),
(253, 'Oriental', 12000, 4, 2, 't'),
(254, 'Oriental', 12000, 4, 2, 't'),
(255, 'Oriental', 12000, 4, 2, 't'),
(256, 'Oriental', 12000, 4, 2, 't'),
(257, 'Oriental', 12000, 4, 2, 't'),
(258, 'Oriental', 12000, 4, 2, 't'),
(259, 'Oriental', 12000, 4, 2, 't'),
(260, 'Oriental', 12000, 4, 2, 't'),
(261, 'Oriental', 12000, 4, 2, 't'),
(262, 'Oriental', 12000, 4, 2, 't'),
(263, 'Oriental', 12000, 4, 2, 't'),
(264, 'Oriental', 12000, 4, 2, 't'),
(265, 'Oriental', 12000, 4, 2, 't'),
(266, 'Oriental', 12000, 4, 2, 't'),
(267, 'Oriental', 12000, 4, 2, 't'),
(268, 'Oriental', 12000, 4, 2, 't'),
(269, 'Oriental', 12000, 4, 2, 't'),
(270, 'Oriental', 12000, 4, 2, 't'),
(271, 'Oriental', 12000, 4, 2, 't'),
(272, 'Oriental', 12000, 4, 2, 't'),
(273, 'Oriental', 12000, 4, 2, 't'),
(274, 'Oriental', 12000, 4, 2, 't'),
(275, 'Oriental', 12000, 4, 2, 't'),
(276, 'Oriental', 12000, 4, 2, 't'),
(277, 'Oriental', 12000, 4, 2, 't'),
(278, 'Oriental', 12000, 4, 2, 't'),
(279, 'Oriental', 12000, 4, 2, 't'),
(280, 'Oriental', 12000, 4, 2, 't'),
(281, 'Oriental', 12000, 4, 2, 't'),
(282, 'Oriental', 12000, 4, 2, 't'),
(283, 'Oriental', 12000, 4, 2, 't'),
(284, 'Oriental', 12000, 4, 2, 't'),
(285, 'Oriental', 12000, 4, 2, 't'),
(286, 'Oriental', 12000, 4, 2, 't'),
(287, 'Oriental', 12000, 4, 2, 't'),
(288, 'Oriental', 12000, 4, 2, 't'),
(289, 'Oriental', 12000, 4, 2, 't'),
(290, 'Oriental', 12000, 4, 2, 't'),
(291, 'Oriental', 12000, 4, 2, 't'),
(292, 'Oriental', 12000, 4, 2, 't'),
(293, 'Oriental', 12000, 4, 2, 't'),
(294, 'Oriental', 12000, 4, 2, 't'),
(295, 'Oriental', 12000, 4, 2, 't'),
(296, 'Oriental', 12000, 4, 2, 't'),
(297, 'Oriental', 12000, 4, 2, 't'),
(298, 'Oriental', 12000, 4, 2, 't'),
(299, 'Oriental', 12000, 4, 2, 't'),
(300, 'Oriental', 12000, 4, 2, 't'),
(301, 'Oriental', 12000, 4, 2, 't'),
(302, 'Oriental', 12000, 4, 2, 't'),
(303, 'Oriental', 12000, 4, 2, 't'),
(304, 'Oriental', 12000, 4, 2, 't'),
(305, 'Oriental', 12000, 4, 2, 't'),
(306, 'Oriental', 12000, 4, 2, 't'),
(307, 'Oriental', 12000, 4, 2, 't'),
(308, 'Oriental', 12000, 4, 2, 't'),
(309, 'Oriental', 12000, 4, 2, 't'),
(310, 'Oriental', 12000, 4, 2, 't'),
(311, 'Oriental', 12000, 4, 2, 't'),
(312, 'Oriental', 12000, 4, 2, 't'),
(313, 'Oriental', 12000, 4, 2, 't'),
(314, 'Oriental', 12000, 4, 2, 't'),
(315, 'Oriental', 12000, 4, 2, 't'),
(316, 'Oriental', 12000, 4, 2, 't'),
(317, 'Oriental', 12000, 4, 2, 't'),
(318, 'Oriental', 12000, 4, 2, 't'),
(319, 'Oriental', 12000, 4, 2, 't'),
(320, 'Oriental', 12000, 4, 2, 't'),
(321, 'Oriental', 12000, 4, 2, 't'),
(322, 'Oriental', 12000, 4, 2, 't'),
(323, 'Oriental', 12000, 4, 2, 't'),
(324, 'Oriental', 12000, 4, 2, 't'),
(325, 'Oriental', 12000, 4, 2, 't'),
(326, 'Oriental', 12000, 4, 2, 't'),
(327, 'Oriental', 12000, 4, 2, 't'),
(328, 'Oriental', 12000, 4, 2, 't'),
(329, 'Oriental', 12000, 4, 2, 't'),
(330, 'Oriental', 12000, 4, 2, 't'),
(331, 'Oriental', 12000, 4, 2, 't'),
(332, 'Oriental', 12000, 4, 2, 't'),
(333, 'Oriental', 12000, 4, 2, 't'),
(334, 'Oriental', 12000, 4, 2, 't'),
(335, 'Oriental', 12000, 4, 2, 't'),
(336, 'Oriental', 12000, 4, 2, 't'),
(337, 'Oriental', 12000, 4, 2, 't'),
(338, 'Oriental', 12000, 4, 2, 't'),
(339, 'Oriental', 12000, 4, 2, 't'),
(340, 'Oriental', 12000, 4, 2, 't'),
(341, 'Oriental', 12000, 4, 2, 't'),
(342, 'Oriental', 12000, 4, 2, 't'),
(343, 'Oriental', 12000, 4, 2, 't'),
(344, 'Oriental', 12000, 4, 2, 't'),
(345, 'Oriental', 12000, 4, 2, 't'),
(346, 'Oriental', 12000, 4, 2, 't'),
(347, 'Oriental', 12000, 4, 2, 't'),
(348, 'Oriental', 12000, 4, 2, 't'),
(349, 'Oriental', 12000, 4, 2, 't'),
(350, 'Oriental', 12000, 4, 2, 't'),
(351, 'Oriental', 12000, 4, 2, 't'),
(352, 'Oriental', 12000, 4, 2, 't'),
(353, 'Oriental', 12000, 4, 2, 't'),
(354, 'Oriental', 12000, 4, 2, 't'),
(355, 'Oriental', 12000, 4, 2, 't'),
(356, 'Oriental', 12000, 4, 2, 't'),
(357, 'Oriental', 12000, 4, 2, 't'),
(358, 'Oriental', 12000, 4, 2, 't'),
(359, 'Oriental', 12000, 4, 2, 't'),
(360, 'Oriental', 12000, 4, 2, 't'),
(361, 'Oriental', 12000, 4, 2, 't'),
(362, 'Oriental', 12000, 4, 2, 't'),
(363, 'Oriental', 12000, 4, 2, 't'),
(364, 'Oriental', 12000, 4, 2, 't'),
(365, 'Oriental', 12000, 4, 2, 't'),
(366, 'Oriental', 12000, 4, 2, 't'),
(367, 'Oriental', 12000, 4, 2, 't'),
(368, 'Oriental', 12000, 4, 2, 't'),
(369, 'Oriental', 12000, 4, 2, 't'),
(370, 'Oriental', 12000, 4, 2, 't'),
(371, 'Oriental', 12000, 4, 2, 't'),
(372, 'Oriental', 12000, 4, 2, 't'),
(373, 'Oriental', 12000, 4, 2, 't'),
(374, 'Oriental', 12000, 4, 2, 't'),
(375, 'Oriental', 12000, 4, 2, 't'),
(376, 'Oriental', 12000, 4, 2, 't'),
(377, 'Oriental', 12000, 4, 2, 't'),
(378, 'Oriental', 12000, 4, 2, 't'),
(379, 'Oriental', 12000, 4, 2, 't'),
(380, 'Oriental', 12000, 4, 2, 't'),
(381, 'Oriental', 12000, 4, 2, 't'),
(382, 'Oriental', 12000, 4, 2, 't'),
(383, 'Oriental', 12000, 4, 2, 't'),
(384, 'Oriental', 12000, 4, 2, 't'),
(385, 'Oriental', 12000, 4, 2, 't'),
(386, 'Oriental', 12000, 4, 2, 't'),
(387, 'Oriental', 12000, 4, 2, 't'),
(388, 'Oriental', 12000, 4, 2, 't'),
(389, 'Oriental', 12000, 4, 2, 't'),
(390, 'Oriental', 12000, 4, 2, 't'),
(391, 'Oriental', 12000, 4, 2, 't'),
(392, 'Oriental', 12000, 4, 2, 't'),
(393, 'Oriental', 12000, 4, 2, 't'),
(394, 'Oriental', 12000, 4, 2, 't'),
(395, 'Oriental', 12000, 4, 2, 't'),
(396, 'Oriental', 12000, 4, 2, 't'),
(397, 'Oriental', 12000, 4, 2, 't'),
(398, 'Oriental', 12000, 4, 2, 't'),
(399, 'Oriental', 12000, 4, 2, 't'),
(400, 'Oriental', 12000, 4, 2, 't'),
(401, 'Oriental', 12000, 4, 2, 't'),
(402, 'Oriental', 12000, 4, 2, 't'),
(403, 'Oriental', 12000, 4, 2, 't'),
(404, 'Oriental', 12000, 4, 2, 't'),
(405, 'Oriental', 12000, 4, 2, 't'),
(406, 'Oriental', 12000, 4, 2, 't'),
(407, 'Oriental', 12000, 4, 2, 't'),
(408, 'Oriental', 12000, 4, 2, 't'),
(409, 'Oriental', 12000, 4, 2, 't'),
(410, 'Oriental', 12000, 4, 2, 't'),
(411, 'Oriental', 12000, 4, 2, 't'),
(412, 'Oriental', 12000, 4, 2, 't'),
(413, 'Oriental', 12000, 4, 2, 't'),
(414, 'Oriental', 12000, 4, 2, 't'),
(415, 'Oriental', 12000, 4, 2, 't'),
(416, 'Oriental', 12000, 4, 2, 't'),
(417, 'Oriental', 12000, 4, 2, 't'),
(418, 'Oriental', 12000, 4, 2, 't'),
(419, 'Oriental', 12000, 4, 2, 't'),
(420, 'Oriental', 12000, 4, 2, 't'),
(421, 'Oriental', 12000, 4, 2, 't'),
(422, 'Oriental', 12000, 4, 2, 't'),
(423, 'Oriental', 12000, 4, 2, 't'),
(424, 'Oriental', 12000, 4, 2, 't'),
(425, 'Oriental', 12000, 4, 2, 't'),
(426, 'Oriental', 12000, 4, 2, 't'),
(427, 'Oriental', 12000, 4, 2, 't'),
(428, 'Oriental', 12000, 4, 2, 't'),
(429, 'Oriental', 12000, 4, 2, 't'),
(430, 'Oriental', 12000, 4, 2, 't'),
(431, 'Oriental', 12000, 4, 2, 't'),
(432, 'Oriental', 12000, 4, 2, 't'),
(433, 'Oriental', 12000, 4, 2, 't'),
(434, 'Oriental', 12000, 4, 2, 't'),
(435, 'Oriental', 12000, 4, 2, 't'),
(436, 'Oriental', 12000, 4, 2, 't'),
(437, 'Oriental', 12000, 4, 2, 't'),
(438, 'Oriental', 12000, 4, 2, 't'),
(439, 'Oriental', 12000, 4, 2, 't'),
(440, 'Oriental', 12000, 4, 2, 't'),
(441, 'Oriental', 12000, 4, 2, 't'),
(442, 'Oriental', 12000, 4, 2, 't'),
(443, 'Oriental', 12000, 4, 2, 't'),
(444, 'Oriental', 12000, 4, 2, 't'),
(445, 'Oriental', 12000, 4, 2, 't'),
(446, 'Oriental', 12000, 4, 2, 't'),
(447, 'Oriental', 12000, 4, 2, 't'),
(448, 'Oriental', 12000, 4, 2, 't'),
(449, 'Oriental', 12000, 4, 2, 't'),
(450, 'Oriental', 12000, 4, 2, 't'),
(451, 'Oriental', 12000, 4, 2, 't'),
(452, 'Oriental', 12000, 4, 2, 't'),
(453, 'Oriental', 12000, 4, 2, 't'),
(454, 'Oriental', 12000, 4, 2, 't'),
(455, 'Oriental', 12000, 4, 2, 't'),
(456, 'Oriental', 12000, 4, 2, 't'),
(457, 'Oriental', 12000, 4, 2, 't'),
(458, 'Oriental', 12000, 4, 2, 't'),
(459, 'Oriental', 12000, 4, 2, 't'),
(460, 'Oriental', 12000, 4, 2, 't'),
(461, 'Oriental', 12000, 4, 2, 't'),
(462, 'Oriental', 12000, 4, 2, 't'),
(463, 'Oriental', 12000, 4, 2, 't'),
(464, 'Oriental', 12000, 4, 2, 't'),
(465, 'Oriental', 12000, 4, 2, 't'),
(466, 'Oriental', 12000, 4, 2, 't'),
(467, 'Oriental', 12000, 4, 2, 't'),
(468, 'Oriental', 12000, 4, 2, 't'),
(469, 'Oriental', 12000, 4, 2, 't'),
(470, 'Oriental', 12000, 4, 2, 't'),
(471, 'Oriental', 12000, 4, 2, 't'),
(472, 'Oriental', 12000, 4, 2, 't'),
(473, 'Oriental', 12000, 4, 2, 't'),
(474, 'Oriental', 12000, 4, 2, 't'),
(475, 'Oriental', 12000, 4, 2, 't'),
(476, 'Oriental', 12000, 4, 2, 't'),
(477, 'Oriental', 12000, 4, 2, 't'),
(478, 'Oriental', 12000, 4, 2, 't'),
(479, 'Oriental', 12000, 4, 2, 't'),
(480, 'Oriental', 12000, 4, 2, 't'),
(481, 'Oriental', 12000, 4, 2, 't'),
(482, 'Oriental', 12000, 4, 2, 't'),
(483, 'Oriental', 12000, 4, 2, 't'),
(484, 'Oriental', 12000, 4, 2, 't'),
(485, 'Oriental', 12000, 4, 2, 't'),
(486, 'Oriental', 12000, 4, 2, 't'),
(487, 'Oriental', 12000, 4, 2, 't'),
(488, 'Oriental', 12000, 4, 2, 't'),
(489, 'Oriental', 12000, 4, 2, 't'),
(490, 'Oriental', 12000, 4, 2, 't'),
(491, 'Oriental', 12000, 4, 2, 't'),
(492, 'Oriental', 12000, 4, 2, 't'),
(493, 'Oriental', 12000, 4, 2, 't'),
(494, 'Oriental', 12000, 4, 2, 't'),
(495, 'Oriental', 12000, 4, 2, 't'),
(496, 'Oriental', 12000, 4, 2, 't'),
(497, 'Oriental', 12000, 4, 2, 't'),
(498, 'Oriental', 12000, 4, 2, 't'),
(499, 'Oriental', 12000, 4, 2, 't'),
(500, 'Oriental', 12000, 4, 2, 't'),
(501, 'Oriental', 12000, 4, 2, 't'),
(502, 'Oriental', 12000, 4, 2, 't'),
(503, 'Oriental', 12000, 4, 2, 't'),
(504, 'Oriental', 12000, 4, 2, 't'),
(505, 'Oriental', 12000, 4, 2, 't'),
(506, 'Oriental', 12000, 4, 2, 't'),
(507, 'Oriental', 12000, 4, 2, 't'),
(508, 'Oriental', 12000, 4, 2, 't'),
(509, 'Oriental', 12000, 4, 2, 't'),
(510, 'Oriental', 12000, 4, 2, 't'),
(511, 'Oriental', 12000, 4, 2, 't'),
(512, 'Oriental', 12000, 4, 2, 't'),
(513, 'Oriental', 12000, 4, 2, 't'),
(514, 'Oriental', 12000, 4, 2, 't'),
(515, 'Oriental', 12000, 4, 2, 't'),
(516, 'Oriental', 12000, 4, 2, 't'),
(517, 'Oriental', 12000, 4, 2, 't'),
(518, 'Oriental', 12000, 4, 2, 't'),
(519, 'Oriental', 12000, 4, 2, 't'),
(520, 'Oriental', 12000, 4, 2, 't'),
(521, 'Oriental', 12000, 4, 2, 't'),
(522, 'Oriental', 12000, 4, 2, 't'),
(523, 'Oriental', 12000, 4, 2, 't'),
(524, 'Oriental', 12000, 4, 2, 't'),
(525, 'Oriental', 12000, 4, 2, 't'),
(526, 'Oriental', 12000, 4, 2, 't'),
(527, 'Oriental', 12000, 4, 2, 't'),
(528, 'Oriental', 12000, 4, 2, 't'),
(529, 'Oriental', 12000, 4, 2, 't'),
(530, 'Oriental', 12000, 4, 2, 't'),
(531, 'Oriental', 12000, 4, 2, 't'),
(532, 'Oriental', 12000, 4, 2, 't'),
(533, 'Oriental', 12000, 4, 2, 't'),
(534, 'Oriental', 12000, 4, 2, 't'),
(535, 'Oriental', 12000, 4, 2, 't'),
(536, 'Oriental', 12000, 4, 2, 't'),
(537, 'Oriental', 12000, 4, 2, 't'),
(538, 'Oriental', 12000, 4, 2, 't'),
(539, 'Oriental', 12000, 4, 2, 't'),
(540, 'Oriental', 12000, 4, 2, 't'),
(541, 'Oriental', 12000, 4, 2, 't'),
(542, 'Oriental', 12000, 4, 2, 't'),
(543, 'Oriental', 12000, 4, 2, 't'),
(544, 'Oriental', 12000, 4, 2, 't'),
(545, 'Oriental', 12000, 4, 2, 't'),
(546, 'Oriental', 12000, 4, 2, 't'),
(547, 'Oriental', 12000, 4, 2, 't'),
(548, 'Oriental', 12000, 4, 2, 't'),
(549, 'Oriental', 12000, 4, 2, 't'),
(550, 'Oriental', 12000, 4, 2, 't'),
(551, 'Oriental', 12000, 4, 2, 't'),
(552, 'Oriental', 12000, 4, 2, 't'),
(553, 'Oriental', 12000, 4, 2, 't'),
(554, 'Oriental', 12000, 4, 2, 't'),
(555, 'Oriental', 12000, 4, 2, 't'),
(556, 'Oriental', 12000, 4, 2, 't'),
(557, 'Oriental', 12000, 4, 2, 't'),
(558, 'Oriental', 12000, 4, 2, 't'),
(559, 'Oriental', 12000, 4, 2, 't'),
(560, 'Oriental', 12000, 4, 2, 't'),
(561, 'Oriental', 12000, 4, 2, 't'),
(562, 'Oriental', 12000, 4, 2, 't'),
(563, 'Oriental', 12000, 4, 2, 't'),
(564, 'Oriental', 12000, 4, 2, 't'),
(565, 'Oriental', 12000, 4, 2, 't'),
(566, 'Oriental', 12000, 4, 2, 't'),
(567, 'Oriental', 12000, 4, 2, 't'),
(568, 'Oriental', 12000, 4, 2, 't'),
(569, 'Oriental', 12000, 4, 2, 't'),
(570, 'Oriental', 12000, 4, 2, 't'),
(571, 'Oriental', 12000, 4, 2, 't'),
(572, 'Oriental', 12000, 4, 2, 't'),
(573, 'Oriental', 12000, 4, 2, 't'),
(574, 'Oriental', 12000, 4, 2, 't'),
(575, 'Oriental', 12000, 4, 2, 't'),
(576, 'Oriental', 12000, 4, 2, 't'),
(577, 'Oriental', 12000, 4, 2, 't'),
(578, 'Oriental', 12000, 4, 2, 't'),
(579, 'Oriental', 12000, 4, 2, 't'),
(580, 'Oriental', 12000, 4, 2, 't'),
(581, 'Oriental', 12000, 4, 2, 't'),
(582, 'Oriental', 12000, 4, 2, 't'),
(583, 'Oriental', 12000, 4, 2, 't'),
(584, 'Oriental', 12000, 4, 2, 't'),
(585, 'Oriental', 12000, 4, 2, 't'),
(586, 'Oriental', 12000, 4, 2, 't'),
(587, 'Oriental', 12000, 4, 2, 't'),
(588, 'Oriental', 12000, 4, 2, 't'),
(589, 'Oriental', 12000, 4, 2, 't'),
(590, 'Oriental', 12000, 4, 2, 't'),
(591, 'Oriental', 12000, 4, 2, 't'),
(592, 'Oriental', 12000, 4, 2, 't'),
(593, 'Oriental', 12000, 4, 2, 't'),
(594, 'Oriental', 12000, 4, 2, 't'),
(595, 'Oriental', 12000, 4, 2, 't'),
(596, 'Oriental', 12000, 4, 2, 't'),
(597, 'Oriental', 12000, 4, 2, 't'),
(598, 'Oriental', 12000, 4, 2, 't'),
(599, 'Oriental', 12000, 4, 2, 't'),
(600, 'Oriental', 12000, 4, 2, 't'),
(601, 'Oriental', 12000, 4, 2, 't'),
(602, 'Oriental', 12000, 4, 2, 't'),
(603, 'Oriental', 12000, 4, 2, 't'),
(604, 'Oriental', 12000, 4, 2, 't'),
(605, 'Oriental', 12000, 4, 2, 't'),
(606, 'Oriental', 12000, 4, 2, 't'),
(607, 'Oriental', 12000, 4, 2, 't'),
(608, 'Oriental', 12000, 4, 2, 't'),
(609, 'Oriental', 12000, 4, 2, 't'),
(610, 'Oriental', 12000, 4, 2, 't'),
(611, 'Oriental', 12000, 4, 2, 't'),
(612, 'Oriental', 12000, 4, 2, 't'),
(613, 'Oriental', 12000, 4, 2, 't'),
(614, 'Oriental', 12000, 4, 2, 't'),
(615, 'Oriental', 12000, 4, 2, 't'),
(616, 'Oriental', 12000, 4, 2, 't'),
(617, 'Oriental', 12000, 4, 2, 't'),
(618, 'Oriental', 12000, 4, 2, 't'),
(619, 'Oriental', 12000, 4, 2, 't'),
(620, 'Oriental', 12000, 4, 2, 't'),
(621, 'Oriental', 12000, 4, 2, 't'),
(622, 'Oriental', 12000, 4, 2, 't'),
(623, 'Oriental', 12000, 4, 2, 't'),
(624, 'Oriental', 12000, 4, 2, 't'),
(625, 'Oriental', 12000, 4, 2, 't'),
(626, 'Oriental', 12000, 4, 2, 't'),
(627, 'Oriental', 12000, 4, 2, 't'),
(628, 'Oriental', 12000, 4, 2, 't'),
(629, 'Oriental', 12000, 4, 2, 't'),
(630, 'Oriental', 12000, 4, 2, 't'),
(631, 'Oriental', 12000, 4, 2, 't'),
(632, 'Oriental', 12000, 4, 2, 't'),
(633, 'Oriental', 12000, 4, 2, 't'),
(634, 'Oriental', 12000, 4, 2, 't'),
(635, 'Oriental', 12000, 4, 2, 't'),
(636, 'Oriental', 12000, 4, 2, 't'),
(637, 'Oriental', 12000, 4, 2, 't'),
(638, 'Oriental', 12000, 4, 2, 't'),
(639, 'Oriental', 12000, 4, 2, 't'),
(640, 'Oriental', 12000, 4, 2, 't'),
(641, 'Oriental', 12000, 4, 2, 't'),
(642, 'Oriental', 12000, 4, 2, 't'),
(643, 'Oriental', 12000, 4, 2, 't'),
(644, 'Oriental', 12000, 4, 2, 't'),
(645, 'Oriental', 12000, 4, 2, 't'),
(646, 'Oriental', 12000, 4, 2, 't'),
(647, 'Oriental', 12000, 4, 2, 't'),
(648, 'Oriental', 12000, 4, 2, 't'),
(649, 'Oriental', 12000, 4, 2, 't'),
(650, 'Oriental', 12000, 4, 2, 't'),
(651, 'Oriental', 12000, 4, 2, 't'),
(652, 'Oriental', 12000, 4, 2, 't'),
(653, 'Oriental', 12000, 4, 2, 't'),
(654, 'Oriental', 12000, 4, 2, 't'),
(655, 'Oriental', 12000, 4, 2, 't'),
(656, 'Oriental', 12000, 4, 2, 't'),
(657, 'Oriental', 12000, 4, 2, 't'),
(658, 'Oriental', 12000, 4, 2, 't'),
(659, 'Oriental', 12000, 4, 2, 't'),
(660, 'Oriental', 12000, 4, 2, 't'),
(661, 'Oriental', 12000, 4, 2, 't'),
(662, 'Oriental', 12000, 4, 2, 't'),
(663, 'Oriental', 12000, 4, 2, 't'),
(664, 'Oriental', 12000, 4, 2, 't'),
(665, 'Oriental', 12000, 4, 2, 't'),
(666, 'Oriental', 12000, 4, 2, 't'),
(667, 'Oriental', 12000, 4, 2, 't'),
(668, 'Oriental', 12000, 4, 2, 't'),
(669, 'Oriental', 12000, 4, 2, 't'),
(670, 'Oriental', 12000, 4, 2, 't'),
(671, 'Oriental', 12000, 4, 2, 't'),
(672, 'Oriental', 12000, 4, 2, 't'),
(673, 'Oriental', 12000, 4, 2, 't'),
(674, 'Oriental', 12000, 4, 2, 't'),
(675, 'Oriental', 12000, 4, 2, 't'),
(676, 'Oriental', 12000, 4, 2, 't'),
(677, 'Oriental', 12000, 4, 2, 't'),
(678, 'Oriental', 12000, 4, 2, 't'),
(679, 'Oriental', 12000, 4, 2, 't'),
(680, 'Oriental', 12000, 4, 2, 't'),
(681, 'Oriental', 12000, 4, 2, 't'),
(682, 'Oriental', 12000, 4, 2, 't'),
(683, 'Oriental', 12000, 4, 2, 't'),
(684, 'Oriental', 12000, 4, 2, 't'),
(685, 'Oriental', 12000, 4, 2, 't'),
(686, 'Oriental', 12000, 4, 2, 't'),
(687, 'Oriental', 12000, 4, 2, 't'),
(688, 'Oriental', 12000, 4, 2, 't'),
(689, 'Oriental', 12000, 4, 2, 't'),
(690, 'Oriental', 12000, 4, 2, 't'),
(691, 'Oriental', 12000, 4, 2, 't'),
(692, 'Oriental', 12000, 4, 2, 't'),
(693, 'Oriental', 12000, 4, 2, 't'),
(694, 'Oriental', 12000, 4, 2, 't'),
(695, 'Oriental', 12000, 4, 2, 't'),
(696, 'Oriental', 12000, 4, 2, 't'),
(697, 'Oriental', 12000, 4, 2, 't'),
(698, 'Oriental', 12000, 4, 2, 't'),
(699, 'Oriental', 12000, 4, 2, 't'),
(700, 'Oriental', 12000, 4, 2, 't'),
(701, 'Oriental', 12000, 4, 2, 't'),
(702, 'Oriental', 12000, 4, 2, 't'),
(703, 'Oriental', 12000, 4, 2, 't'),
(704, 'Oriental', 12000, 4, 2, 't'),
(705, 'Oriental', 12000, 4, 2, 't'),
(706, 'Oriental', 12000, 4, 2, 't'),
(707, 'Oriental', 12000, 4, 2, 't'),
(708, 'Oriental', 12000, 4, 2, 't'),
(709, 'Oriental', 12000, 4, 2, 't'),
(710, 'Oriental', 12000, 4, 2, 't'),
(711, 'Oriental', 12000, 4, 2, 't'),
(712, 'Oriental', 12000, 4, 2, 't'),
(713, 'Oriental', 12000, 4, 2, 't'),
(714, 'Oriental', 12000, 4, 2, 't'),
(715, 'Oriental', 12000, 4, 2, 't'),
(716, 'Oriental', 12000, 4, 2, 't'),
(717, 'Oriental', 12000, 4, 2, 't'),
(718, 'Oriental', 12000, 4, 2, 't'),
(719, 'Oriental', 12000, 4, 2, 't'),
(720, 'Oriental', 12000, 4, 2, 't'),
(721, 'Oriental', 12000, 4, 2, 't'),
(722, 'Oriental', 12000, 4, 2, 't'),
(723, 'Oriental', 12000, 4, 2, 't'),
(724, 'Oriental', 12000, 4, 2, 't'),
(725, 'Oriental', 12000, 4, 2, 't'),
(726, 'Oriental', 12000, 4, 2, 't'),
(727, 'Oriental', 12000, 4, 2, 't'),
(728, 'Oriental', 12000, 4, 2, 't'),
(729, 'Oriental', 12000, 4, 2, 't'),
(730, 'Oriental', 12000, 4, 2, 't'),
(731, 'Oriental', 12000, 4, 2, 't'),
(732, 'Oriental', 12000, 4, 2, 't'),
(733, 'Oriental', 12000, 4, 2, 't'),
(734, 'Oriental', 12000, 4, 2, 't'),
(735, 'Oriental', 12000, 4, 2, 't'),
(736, 'Oriental', 12000, 4, 2, 't'),
(737, 'Oriental', 12000, 4, 2, 't'),
(738, 'Oriental', 12000, 4, 2, 't'),
(739, 'Oriental', 12000, 4, 2, 't'),
(740, 'Oriental', 12000, 4, 2, 't'),
(741, 'Oriental', 12000, 4, 2, 't'),
(742, 'Oriental', 12000, 4, 2, 't'),
(743, 'Oriental', 12000, 4, 2, 't'),
(744, 'Oriental', 12000, 4, 2, 't'),
(745, 'Oriental', 12000, 4, 2, 't'),
(746, 'Oriental', 12000, 4, 2, 't'),
(747, 'Oriental', 12000, 4, 2, 't'),
(748, 'Oriental', 12000, 4, 2, 't'),
(749, 'Oriental', 12000, 4, 2, 't'),
(750, 'Oriental', 12000, 4, 2, 't'),
(751, 'Oriental', 12000, 4, 2, 't'),
(752, 'Oriental', 12000, 4, 2, 't'),
(753, 'Oriental', 12000, 4, 2, 't'),
(754, 'Oriental', 12000, 4, 2, 't'),
(755, 'Oriental', 12000, 4, 2, 't'),
(756, 'Oriental', 12000, 4, 2, 't'),
(757, 'Oriental', 12000, 4, 2, 't'),
(758, 'Oriental', 12000, 4, 2, 't'),
(759, 'Oriental', 12000, 4, 2, 't'),
(760, 'Oriental', 12000, 4, 2, 't'),
(761, 'Oriental', 12000, 4, 2, 't'),
(762, 'Oriental', 12000, 4, 2, 't'),
(763, 'Oriental', 12000, 4, 2, 't'),
(764, 'Oriental', 12000, 4, 2, 't'),
(765, 'Oriental', 12000, 4, 2, 't'),
(766, 'Oriental', 12000, 4, 2, 't'),
(767, 'Oriental', 12000, 4, 2, 't'),
(768, 'Oriental', 12000, 4, 2, 't'),
(769, 'Oriental', 12000, 4, 2, 't'),
(770, 'Oriental', 12000, 4, 2, 't'),
(771, 'Oriental', 12000, 4, 2, 't'),
(772, 'Oriental', 12000, 4, 2, 't'),
(773, 'Oriental', 12000, 4, 2, 't'),
(774, 'Oriental', 12000, 4, 2, 't'),
(775, 'Oriental', 12000, 4, 2, 't'),
(776, 'Oriental', 12000, 4, 2, 't'),
(777, 'Oriental', 12000, 4, 2, 't'),
(778, 'Oriental', 12000, 4, 2, 't'),
(779, 'Oriental', 12000, 4, 2, 't'),
(780, 'Oriental', 12000, 4, 2, 't'),
(781, 'Oriental', 12000, 4, 2, 't'),
(782, 'Oriental', 12000, 4, 2, 't'),
(783, 'Oriental', 12000, 4, 2, 't'),
(784, 'Oriental', 12000, 4, 2, 't'),
(785, 'Oriental', 12000, 4, 2, 't'),
(786, 'Oriental', 12000, 4, 2, 't'),
(787, 'Oriental', 12000, 4, 2, 't'),
(788, 'Oriental', 12000, 4, 2, 't'),
(789, 'Oriental', 12000, 4, 2, 't'),
(790, 'Oriental', 12000, 4, 2, 't'),
(791, 'Oriental', 12000, 4, 2, 't'),
(792, 'Oriental', 12000, 4, 2, 't'),
(793, 'Oriental', 12000, 4, 2, 't'),
(794, 'Oriental', 12000, 4, 2, 't'),
(795, 'Oriental', 12000, 4, 2, 't'),
(796, 'Oriental', 12000, 4, 2, 't'),
(797, 'Oriental', 12000, 4, 2, 't'),
(798, 'Oriental', 12000, 4, 2, 't'),
(799, 'Oriental', 12000, 4, 2, 't'),
(800, 'Oriental', 12000, 4, 2, 't'),
(800, 'Preferencia', 84000, 5, 3, 't'),
(801, 'Oriental', 12000, 4, 2, 't'),
(801, 'Preferencia', 84000, 5, 3, 't'),
(802, 'Oriental', 12000, 4, 2, 't'),
(802, 'Preferencia', 84000, 5, 3, 't'),
(803, 'Oriental', 12000, 4, 2, 't'),
(803, 'Preferencia', 84000, 5, 3, 't'),
(804, 'Oriental', 12000, 4, 2, 't'),
(804, 'Preferencia', 84000, 5, 3, 't'),
(805, 'Oriental', 12000, 4, 2, 't'),
(805, 'Preferencia', 84000, 5, 3, 't'),
(806, 'Oriental', 12000, 4, 2, 't'),
(806, 'Preferencia', 84000, 5, 3, 't'),
(807, 'Oriental', 12000, 4, 2, 't'),
(807, 'Preferencia', 84000, 5, 3, 't'),
(808, 'Oriental', 12000, 4, 2, 't'),
(808, 'Preferencia', 84000, 5, 3, 't'),
(809, 'Oriental', 12000, 4, 2, 't'),
(809, 'Preferencia', 84000, 5, 3, 't'),
(810, 'Oriental', 12000, 4, 2, 't'),
(810, 'Preferencia', 84000, 5, 3, 't'),
(811, 'Oriental', 12000, 4, 2, 't'),
(811, 'Preferencia', 84000, 5, 3, 't'),
(812, 'Oriental', 12000, 4, 2, 't'),
(812, 'Preferencia', 84000, 5, 3, 't'),
(813, 'Oriental', 12000, 4, 2, 't'),
(813, 'Preferencia', 84000, 5, 3, 't'),
(814, 'Oriental', 12000, 4, 2, 't'),
(814, 'Preferencia', 84000, 5, 3, 't'),
(815, 'Oriental', 12000, 4, 2, 't'),
(815, 'Preferencia', 84000, 5, 3, 't'),
(816, 'Oriental', 12000, 4, 2, 't'),
(816, 'Preferencia', 84000, 5, 3, 't'),
(817, 'Oriental', 12000, 4, 2, 't'),
(817, 'Preferencia', 84000, 5, 3, 't'),
(818, 'Oriental', 12000, 4, 2, 't'),
(818, 'Preferencia', 84000, 5, 3, 't'),
(819, 'Oriental', 12000, 4, 2, 't'),
(819, 'Preferencia', 84000, 5, 3, 't'),
(820, 'Oriental', 12000, 4, 2, 't'),
(820, 'Preferencia', 84000, 5, 3, 't'),
(821, 'Oriental', 12000, 4, 2, 't'),
(822, 'Oriental', 12000, 4, 2, 't'),
(823, 'Oriental', 12000, 4, 2, 't'),
(824, 'Oriental', 12000, 4, 2, 't'),
(825, 'Oriental', 12000, 4, 2, 't'),
(826, 'Oriental', 12000, 4, 2, 't'),
(827, 'Oriental', 12000, 4, 2, 't'),
(828, 'Oriental', 12000, 4, 2, 't'),
(829, 'Oriental', 12000, 4, 2, 't'),
(830, 'Oriental', 12000, 4, 2, 't'),
(831, 'Oriental', 12000, 4, 2, 't'),
(832, 'Oriental', 12000, 4, 2, 't'),
(833, 'Oriental', 12000, 4, 2, 't'),
(834, 'Oriental', 12000, 4, 2, 't'),
(835, 'Oriental', 12000, 4, 2, 't'),
(836, 'Oriental', 12000, 4, 2, 't'),
(837, 'Oriental', 12000, 4, 2, 't'),
(838, 'Oriental', 12000, 4, 2, 't'),
(839, 'Oriental', 12000, 4, 2, 't'),
(840, 'Oriental', 12000, 4, 2, 't'),
(841, 'Oriental', 12000, 4, 2, 't'),
(842, 'Oriental', 12000, 4, 2, 't'),
(843, 'Oriental', 12000, 4, 2, 't'),
(844, 'Oriental', 12000, 4, 2, 't'),
(845, 'Oriental', 12000, 4, 2, 't'),
(846, 'Oriental', 12000, 4, 2, 't'),
(847, 'Oriental', 12000, 4, 2, 't'),
(848, 'Oriental', 12000, 4, 2, 't'),
(849, 'Oriental', 12000, 4, 2, 't'),
(850, 'Oriental', 12000, 4, 2, 't'),
(851, 'Oriental', 12000, 4, 2, 't'),
(852, 'Oriental', 12000, 4, 2, 't'),
(853, 'Oriental', 12000, 4, 2, 't'),
(854, 'Oriental', 12000, 4, 2, 't'),
(855, 'Oriental', 12000, 4, 2, 't'),
(856, 'Oriental', 12000, 4, 2, 't'),
(857, 'Oriental', 12000, 4, 2, 't'),
(858, 'Oriental', 12000, 4, 2, 't'),
(859, 'Oriental', 12000, 4, 2, 't'),
(860, 'Oriental', 12000, 4, 2, 't'),
(861, 'Oriental', 12000, 4, 2, 't'),
(862, 'Oriental', 12000, 4, 2, 't'),
(863, 'Oriental', 12000, 4, 2, 't'),
(864, 'Oriental', 12000, 4, 2, 't'),
(865, 'Oriental', 12000, 4, 2, 't'),
(866, 'Oriental', 12000, 4, 2, 't'),
(867, 'Oriental', 12000, 4, 2, 't'),
(868, 'Oriental', 12000, 4, 2, 't'),
(869, 'Oriental', 12000, 4, 2, 't'),
(870, 'Oriental', 12000, 4, 2, 't'),
(871, 'Oriental', 12000, 4, 2, 't'),
(872, 'Oriental', 12000, 4, 2, 't'),
(873, 'Oriental', 12000, 4, 2, 't'),
(874, 'Oriental', 12000, 4, 2, 't'),
(875, 'Oriental', 12000, 4, 2, 't'),
(876, 'Oriental', 12000, 4, 2, 't'),
(877, 'Oriental', 12000, 4, 2, 't'),
(878, 'Oriental', 12000, 4, 2, 't'),
(879, 'Oriental', 12000, 4, 2, 't'),
(880, 'Oriental', 12000, 4, 2, 't'),
(881, 'Oriental', 12000, 4, 2, 't'),
(882, 'Oriental', 12000, 4, 2, 't'),
(883, 'Oriental', 12000, 4, 2, 't'),
(884, 'Oriental', 12000, 4, 2, 't'),
(885, 'Oriental', 12000, 4, 2, 't'),
(886, 'Oriental', 12000, 4, 2, 't'),
(887, 'Oriental', 12000, 4, 2, 't'),
(888, 'Oriental', 12000, 4, 2, 't'),
(889, 'Oriental', 12000, 4, 2, 't'),
(890, 'Oriental', 12000, 4, 2, 't'),
(891, 'Oriental', 12000, 4, 2, 't'),
(892, 'Oriental', 12000, 4, 2, 't'),
(893, 'Oriental', 12000, 4, 2, 't'),
(894, 'Oriental', 12000, 4, 2, 't'),
(895, 'Oriental', 12000, 4, 2, 't'),
(896, 'Oriental', 12000, 4, 2, 't'),
(897, 'Oriental', 12000, 4, 2, 't'),
(898, 'Oriental', 12000, 4, 2, 't'),
(899, 'Oriental', 12000, 4, 2, 't'),
(900, 'Oriental', 12000, 4, 2, 't'),
(901, 'Oriental', 12000, 4, 2, 't'),
(902, 'Oriental', 12000, 4, 2, 't'),
(903, 'Oriental', 12000, 4, 2, 't'),
(904, 'Oriental', 12000, 4, 2, 't'),
(905, 'Oriental', 12000, 4, 2, 't'),
(906, 'Oriental', 12000, 4, 2, 't'),
(907, 'Oriental', 12000, 4, 2, 't'),
(908, 'Oriental', 12000, 4, 2, 't'),
(909, 'Oriental', 12000, 4, 2, 't'),
(910, 'Oriental', 12000, 4, 2, 't'),
(911, 'Oriental', 12000, 4, 2, 't'),
(912, 'Oriental', 12000, 4, 2, 't'),
(913, 'Oriental', 12000, 4, 2, 't'),
(914, 'Oriental', 12000, 4, 2, 't'),
(915, 'Oriental', 12000, 4, 2, 't'),
(916, 'Oriental', 12000, 4, 2, 't'),
(917, 'Oriental', 12000, 4, 2, 't'),
(918, 'Oriental', 12000, 4, 2, 't'),
(919, 'Oriental', 12000, 4, 2, 't'),
(920, 'Oriental', 12000, 4, 2, 't'),
(921, 'Oriental', 12000, 4, 2, 't'),
(922, 'Oriental', 12000, 4, 2, 't'),
(923, 'Oriental', 12000, 4, 2, 't'),
(924, 'Oriental', 12000, 4, 2, 't'),
(925, 'Oriental', 12000, 4, 2, 't'),
(926, 'Oriental', 12000, 4, 2, 't'),
(927, 'Oriental', 12000, 4, 2, 't'),
(928, 'Oriental', 12000, 4, 2, 't'),
(929, 'Oriental', 12000, 4, 2, 't'),
(930, 'Oriental', 12000, 4, 2, 't'),
(931, 'Oriental', 12000, 4, 2, 't'),
(932, 'Oriental', 12000, 4, 2, 't'),
(933, 'Oriental', 12000, 4, 2, 't'),
(934, 'Oriental', 12000, 4, 2, 't'),
(935, 'Oriental', 12000, 4, 2, 't'),
(936, 'Oriental', 12000, 4, 2, 't'),
(937, 'Oriental', 12000, 4, 2, 't'),
(938, 'Oriental', 12000, 4, 2, 't'),
(939, 'Oriental', 12000, 4, 2, 't'),
(940, 'Oriental', 12000, 4, 2, 't'),
(941, 'Oriental', 12000, 4, 2, 't'),
(942, 'Oriental', 12000, 4, 2, 't'),
(943, 'Oriental', 12000, 4, 2, 't'),
(944, 'Oriental', 12000, 4, 2, 't'),
(945, 'Oriental', 12000, 4, 2, 't'),
(946, 'Oriental', 12000, 4, 2, 't'),
(947, 'Oriental', 12000, 4, 2, 't'),
(948, 'Oriental', 12000, 4, 2, 't'),
(949, 'Oriental', 12000, 4, 2, 't'),
(950, 'Oriental', 12000, 4, 2, 't'),
(951, 'Oriental', 12000, 4, 2, 't'),
(952, 'Oriental', 12000, 4, 2, 't'),
(953, 'Oriental', 12000, 4, 2, 't'),
(954, 'Oriental', 12000, 4, 2, 't'),
(955, 'Oriental', 12000, 4, 2, 't'),
(956, 'Oriental', 12000, 4, 2, 't'),
(957, 'Oriental', 12000, 4, 2, 't'),
(958, 'Oriental', 12000, 4, 2, 't'),
(959, 'Oriental', 12000, 4, 2, 't'),
(960, 'Oriental', 12000, 4, 2, 't'),
(961, 'Oriental', 12000, 4, 2, 't'),
(962, 'Oriental', 12000, 4, 2, 't'),
(963, 'Oriental', 12000, 4, 2, 't'),
(964, 'Oriental', 12000, 4, 2, 't'),
(965, 'Oriental', 12000, 4, 2, 't'),
(966, 'Oriental', 12000, 4, 2, 't'),
(967, 'Oriental', 12000, 4, 2, 't'),
(968, 'Oriental', 12000, 4, 2, 't'),
(969, 'Oriental', 12000, 4, 2, 't'),
(970, 'Oriental', 12000, 4, 2, 't'),
(971, 'Oriental', 12000, 4, 2, 't'),
(972, 'Oriental', 12000, 4, 2, 't'),
(973, 'Oriental', 12000, 4, 2, 't'),
(974, 'Oriental', 12000, 4, 2, 't'),
(975, 'Oriental', 12000, 4, 2, 't'),
(976, 'Oriental', 12000, 4, 2, 't'),
(977, 'Oriental', 12000, 4, 2, 't'),
(978, 'Oriental', 12000, 4, 2, 't'),
(979, 'Oriental', 12000, 4, 2, 't'),
(980, 'Oriental', 12000, 4, 2, 't'),
(981, 'Oriental', 12000, 4, 2, 't'),
(982, 'Oriental', 12000, 4, 2, 't'),
(983, 'Oriental', 12000, 4, 2, 't'),
(984, 'Oriental', 12000, 4, 2, 't'),
(985, 'Oriental', 12000, 4, 2, 't'),
(986, 'Oriental', 12000, 4, 2, 't'),
(987, 'Oriental', 12000, 4, 2, 't'),
(988, 'Oriental', 12000, 4, 2, 't'),
(989, 'Oriental', 12000, 4, 2, 't'),
(990, 'Oriental', 12000, 4, 2, 't'),
(991, 'Oriental', 12000, 4, 2, 't'),
(992, 'Oriental', 12000, 4, 2, 't'),
(993, 'Oriental', 12000, 4, 2, 't'),
(994, 'Oriental', 12000, 4, 2, 't'),
(995, 'Oriental', 12000, 4, 2, 't'),
(996, 'Oriental', 12000, 4, 2, 't'),
(997, 'Oriental', 12000, 4, 2, 't'),
(998, 'Oriental', 12000, 4, 2, 't'),
(999, 'Oriental', 12000, 4, 2, 't'),
(1000, 'Oriental', 12000, 4, 2, 't'),
(1001, 'Oriental', 12000, 4, 2, 't'),
(1002, 'Oriental', 12000, 4, 2, 't'),
(1003, 'Oriental', 12000, 4, 2, 't'),
(1004, 'Oriental', 12000, 4, 2, 't'),
(1005, 'Oriental', 12000, 4, 2, 't'),
(1006, 'Oriental', 12000, 4, 2, 't'),
(1007, 'Oriental', 12000, 4, 2, 't'),
(1008, 'Oriental', 12000, 4, 2, 't'),
(1009, 'Oriental', 12000, 4, 2, 't'),
(1010, 'Oriental', 12000, 4, 2, 't'),
(1011, 'Oriental', 12000, 4, 2, 't'),
(1012, 'Oriental', 12000, 4, 2, 't'),
(1013, 'Oriental', 12000, 4, 2, 't'),
(1014, 'Oriental', 12000, 4, 2, 't'),
(1015, 'Oriental', 12000, 4, 2, 't'),
(1016, 'Oriental', 12000, 4, 2, 't'),
(1017, 'Oriental', 12000, 4, 2, 't'),
(1018, 'Oriental', 12000, 4, 2, 't'),
(1019, 'Oriental', 12000, 4, 2, 't'),
(1020, 'Oriental', 12000, 4, 2, 't'),
(1021, 'Oriental', 12000, 4, 2, 't'),
(1022, 'Oriental', 12000, 4, 2, 't'),
(1023, 'Oriental', 12000, 4, 2, 't'),
(1024, 'Oriental', 12000, 4, 2, 't'),
(1025, 'Oriental', 12000, 4, 2, 't'),
(1026, 'Oriental', 12000, 4, 2, 't'),
(1027, 'Oriental', 12000, 4, 2, 't'),
(1028, 'Oriental', 12000, 4, 2, 't'),
(1029, 'Oriental', 12000, 4, 2, 't'),
(1030, 'Oriental', 12000, 4, 2, 't'),
(1031, 'Oriental', 12000, 4, 2, 't'),
(1032, 'Oriental', 12000, 4, 2, 't'),
(1033, 'Oriental', 12000, 4, 2, 't'),
(1034, 'Oriental', 12000, 4, 2, 't'),
(1035, 'Oriental', 12000, 4, 2, 't'),
(1036, 'Oriental', 12000, 4, 2, 't'),
(1037, 'Oriental', 12000, 4, 2, 't'),
(1038, 'Oriental', 12000, 4, 2, 't'),
(1039, 'Oriental', 12000, 4, 2, 't'),
(1040, 'Oriental', 12000, 4, 2, 't'),
(1041, 'Oriental', 12000, 4, 2, 't'),
(1042, 'Oriental', 12000, 4, 2, 't'),
(1043, 'Oriental', 12000, 4, 2, 't'),
(1044, 'Oriental', 12000, 4, 2, 't'),
(1045, 'Oriental', 12000, 4, 2, 't'),
(1046, 'Oriental', 12000, 4, 2, 't'),
(1047, 'Oriental', 12000, 4, 2, 't'),
(1048, 'Oriental', 12000, 4, 2, 't'),
(1049, 'Oriental', 12000, 4, 2, 't'),
(1050, 'Oriental', 12000, 4, 2, 't'),
(1051, 'Oriental', 12000, 4, 2, 't'),
(1052, 'Oriental', 12000, 4, 2, 't'),
(1053, 'Oriental', 12000, 4, 2, 't'),
(1054, 'Oriental', 12000, 4, 2, 't'),
(1055, 'Oriental', 12000, 4, 2, 't'),
(1056, 'Oriental', 12000, 4, 2, 't'),
(1057, 'Oriental', 12000, 4, 2, 't'),
(1058, 'Oriental', 12000, 4, 2, 't'),
(1059, 'Oriental', 12000, 4, 2, 't'),
(1060, 'Oriental', 12000, 4, 2, 't'),
(1061, 'Oriental', 12000, 4, 2, 't'),
(1062, 'Oriental', 12000, 4, 2, 't'),
(1063, 'Oriental', 12000, 4, 2, 't'),
(1064, 'Oriental', 12000, 4, 2, 't'),
(1065, 'Oriental', 12000, 4, 2, 't'),
(1066, 'Oriental', 12000, 4, 2, 't'),
(1067, 'Oriental', 12000, 4, 2, 't'),
(1068, 'Oriental', 12000, 4, 2, 't'),
(1069, 'Oriental', 12000, 4, 2, 't'),
(1070, 'Oriental', 12000, 4, 2, 't'),
(1071, 'Oriental', 12000, 4, 2, 't'),
(1072, 'Oriental', 12000, 4, 2, 't'),
(1073, 'Oriental', 12000, 4, 2, 't'),
(1074, 'Oriental', 12000, 4, 2, 't'),
(1075, 'Oriental', 12000, 4, 2, 't'),
(1076, 'Oriental', 12000, 4, 2, 't'),
(1077, 'Oriental', 12000, 4, 2, 't'),
(1078, 'Oriental', 12000, 4, 2, 't'),
(1079, 'Oriental', 12000, 4, 2, 't'),
(1080, 'Oriental', 12000, 4, 2, 't'),
(1081, 'Oriental', 12000, 4, 2, 't'),
(1082, 'Oriental', 12000, 4, 2, 't'),
(1083, 'Oriental', 12000, 4, 2, 't'),
(1084, 'Oriental', 12000, 4, 2, 't'),
(1085, 'Oriental', 12000, 4, 2, 't'),
(1086, 'Oriental', 12000, 4, 2, 't'),
(1087, 'Oriental', 12000, 4, 2, 't'),
(1088, 'Oriental', 12000, 4, 2, 't'),
(1089, 'Oriental', 12000, 4, 2, 't'),
(1090, 'Oriental', 12000, 4, 2, 't'),
(1091, 'Oriental', 12000, 4, 2, 't'),
(1092, 'Oriental', 12000, 4, 2, 't'),
(1093, 'Oriental', 12000, 4, 2, 't'),
(1094, 'Oriental', 12000, 4, 2, 't'),
(1095, 'Oriental', 12000, 4, 2, 't'),
(1096, 'Oriental', 12000, 4, 2, 't'),
(1097, 'Oriental', 12000, 4, 2, 't'),
(1098, 'Oriental', 12000, 4, 2, 't'),
(1099, 'Oriental', 12000, 4, 2, 't'),
(1100, 'Oriental', 12000, 4, 2, 't'),
(1101, 'Oriental', 12000, 4, 2, 't'),
(1102, 'Oriental', 12000, 4, 2, 't'),
(1103, 'Oriental', 12000, 4, 2, 't'),
(1104, 'Oriental', 12000, 4, 2, 't'),
(1105, 'Oriental', 12000, 4, 2, 't'),
(1106, 'Oriental', 12000, 4, 2, 't'),
(1107, 'Oriental', 12000, 4, 2, 't'),
(1108, 'Oriental', 12000, 4, 2, 't'),
(1109, 'Oriental', 12000, 4, 2, 't'),
(1110, 'Oriental', 12000, 4, 2, 't'),
(1111, 'Oriental', 12000, 4, 2, 't'),
(1112, 'Oriental', 12000, 4, 2, 't'),
(1113, 'Oriental', 12000, 4, 2, 't'),
(1114, 'Oriental', 12000, 4, 2, 't'),
(1115, 'Oriental', 12000, 4, 2, 't'),
(1116, 'Oriental', 12000, 4, 2, 't'),
(1117, 'Oriental', 12000, 4, 2, 't'),
(1118, 'Oriental', 12000, 4, 2, 't'),
(1119, 'Oriental', 12000, 4, 2, 't'),
(1120, 'Oriental', 12000, 4, 2, 't'),
(1121, 'Oriental', 12000, 4, 2, 't'),
(1122, 'Oriental', 12000, 4, 2, 't'),
(1123, 'Oriental', 12000, 4, 2, 't'),
(1124, 'Oriental', 12000, 4, 2, 't'),
(1125, 'Oriental', 12000, 4, 2, 't'),
(1126, 'Oriental', 12000, 4, 2, 't'),
(1127, 'Oriental', 12000, 4, 2, 't'),
(1128, 'Oriental', 12000, 4, 2, 't'),
(1129, 'Oriental', 12000, 4, 2, 't'),
(1130, 'Oriental', 12000, 4, 2, 't'),
(1131, 'Oriental', 12000, 4, 2, 't'),
(1132, 'Oriental', 12000, 4, 2, 't'),
(1133, 'Oriental', 12000, 4, 2, 't'),
(1134, 'Oriental', 12000, 4, 2, 't'),
(1135, 'Oriental', 12000, 4, 2, 't'),
(1136, 'Oriental', 12000, 4, 2, 't'),
(1137, 'Oriental', 12000, 4, 2, 't'),
(1138, 'Oriental', 12000, 4, 2, 't'),
(1139, 'Oriental', 12000, 4, 2, 't'),
(1140, 'Oriental', 12000, 4, 2, 't'),
(1141, 'Oriental', 12000, 4, 2, 't'),
(1142, 'Oriental', 12000, 4, 2, 't'),
(1143, 'Oriental', 12000, 4, 2, 't'),
(1144, 'Oriental', 12000, 4, 2, 't'),
(1145, 'Oriental', 12000, 4, 2, 't'),
(1146, 'Oriental', 12000, 4, 2, 't'),
(1147, 'Oriental', 12000, 4, 2, 't'),
(1148, 'Oriental', 12000, 4, 2, 't'),
(1149, 'Oriental', 12000, 4, 2, 't'),
(1150, 'Oriental', 12000, 4, 2, 't'),
(1151, 'Oriental', 12000, 4, 2, 't'),
(1152, 'Oriental', 12000, 4, 2, 't'),
(1153, 'Oriental', 12000, 4, 2, 't'),
(1154, 'Oriental', 12000, 4, 2, 't'),
(1155, 'Oriental', 12000, 4, 2, 't'),
(1156, 'Oriental', 12000, 4, 2, 't'),
(1157, 'Oriental', 12000, 4, 2, 't'),
(1158, 'Oriental', 12000, 4, 2, 't'),
(1159, 'Oriental', 12000, 4, 2, 't'),
(1160, 'Oriental', 12000, 4, 2, 't'),
(1161, 'Oriental', 12000, 4, 2, 't'),
(1162, 'Oriental', 12000, 4, 2, 't'),
(1163, 'Oriental', 12000, 4, 2, 't'),
(1164, 'Oriental', 12000, 4, 2, 't'),
(1165, 'Oriental', 12000, 4, 2, 't'),
(1166, 'Oriental', 12000, 4, 2, 't'),
(1167, 'Oriental', 12000, 4, 2, 't'),
(1168, 'Oriental', 12000, 4, 2, 't'),
(1169, 'Oriental', 12000, 4, 2, 't'),
(1170, 'Oriental', 12000, 4, 2, 't'),
(1171, 'Oriental', 12000, 4, 2, 't'),
(1172, 'Oriental', 12000, 4, 2, 't'),
(1173, 'Oriental', 12000, 4, 2, 't'),
(1174, 'Oriental', 12000, 4, 2, 't'),
(1175, 'Oriental', 12000, 4, 2, 't'),
(1176, 'Oriental', 12000, 4, 2, 't'),
(1177, 'Oriental', 12000, 4, 2, 't'),
(1178, 'Oriental', 12000, 4, 2, 't'),
(1179, 'Oriental', 12000, 4, 2, 't'),
(1180, 'Oriental', 12000, 4, 2, 't'),
(1181, 'Oriental', 12000, 4, 2, 't'),
(1182, 'Oriental', 12000, 4, 2, 't'),
(1183, 'Oriental', 12000, 4, 2, 't'),
(1184, 'Oriental', 12000, 4, 2, 't'),
(1185, 'Oriental', 12000, 4, 2, 't'),
(1186, 'Oriental', 12000, 4, 2, 't'),
(1187, 'Oriental', 12000, 4, 2, 't'),
(1188, 'Oriental', 12000, 4, 2, 't'),
(1189, 'Oriental', 12000, 4, 2, 't'),
(1190, 'Oriental', 12000, 4, 2, 't'),
(1191, 'Oriental', 12000, 4, 2, 't'),
(1192, 'Oriental', 12000, 4, 2, 't'),
(1193, 'Oriental', 12000, 4, 2, 't'),
(1194, 'Oriental', 12000, 4, 2, 't'),
(1195, 'Oriental', 12000, 4, 2, 't'),
(1196, 'Oriental', 12000, 4, 2, 't'),
(1197, 'Oriental', 12000, 4, 2, 't'),
(1198, 'Oriental', 12000, 4, 2, 't'),
(1199, 'Oriental', 12000, 4, 2, 't'),
(1200, 'Oriental', 12000, 4, 2, 't');

--
-- Triggers `Boletas`
--
DROP TRIGGER IF EXISTS `BoletasDisponibles`;
DELIMITER //
CREATE TRIGGER `BoletasDisponibles` AFTER INSERT ON `Boletas`
 FOR EACH ROW UPDATE Eventos
SET BoletasDisponibles = BoletasDisponibles + 1 
WHERE Eventos.idEventos = NEW.Eventos_idEventos
//
DELIMITER ;
DROP TRIGGER IF EXISTS `BoletasDisponiblesDel`;
DELIMITER //
CREATE TRIGGER `BoletasDisponiblesDel` AFTER DELETE ON `Boletas`
 FOR EACH ROW UPDATE Eventos
SET BoletasDisponibles = BoletasDisponibles - 1 
WHERE Eventos.idEventos = OLD.Eventos_idEventos
//
DELIMITER ;

-- --------------------------------------------------------

--
-- Stand-in structure for view `BoletasLocalidades`
--
CREATE TABLE IF NOT EXISTS `BoletasLocalidades` (
`Nombre` varchar(45)
,`localidad` varchar(20)
,`COUNT(*)` bigint(21)
);
-- --------------------------------------------------------

--
-- Table structure for table `Escenarios`
--

CREATE TABLE IF NOT EXISTS `Escenarios` (
  `idEscenarios` mediumint(8) unsigned NOT NULL AUTO_INCREMENT,
  `nombre` varchar(45) COLLATE latin1_general_ci NOT NULL,
  `capacidad` smallint(5) unsigned DEFAULT NULL,
  `Informacion_Contacto_Telefono` bigint(20) unsigned NOT NULL,
  PRIMARY KEY (`idEscenarios`),
  UNIQUE KEY `nombre_UNIQUE` (`nombre`),
  KEY `fk_Escenarios_Informacion_Contacto1_idx` (`Informacion_Contacto_Telefono`)
) ENGINE=InnoDB  DEFAULT CHARSET=latin1 COLLATE=latin1_general_ci AUTO_INCREMENT=20 ;

--
-- Dumping data for table `Escenarios`
--

INSERT INTO `Escenarios` (`idEscenarios`, `nombre`, `capacidad`, `Informacion_Contacto_Telefono`) VALUES
(4, 'Harorld Martina', 100, 6434343),
(7, 'Fundadores', 890, 7835561),
(9, 'Auditorio Fundadores', 500, 2619500),
(11, 'prado', 170, 2346157),
(14, 'castilla', 500, 24514),
(15, 'UAntioquia', 400, 2348585),
(16, 'tobon uribe', 146, 251561),
(17, 'museo botero', 450, 4145146),
(19, 'teatro la castilla ', 501, 1456131);

-- --------------------------------------------------------

--
-- Table structure for table `Eventos`
--

CREATE TABLE IF NOT EXISTS `Eventos` (
  `idEventos` int(10) unsigned NOT NULL AUTO_INCREMENT,
  `nombre` varchar(45) COLLATE latin1_general_ci NOT NULL,
  `horaInicio` time NOT NULL,
  `horaFinalizacion` time DEFAULT NULL,
  `fecha` date NOT NULL,
  `descripcion` text COLLATE latin1_general_ci,
  `Escenarios_idEscenarios` mediumint(8) unsigned NOT NULL,
  `Tipo_Artista_Evento_Tipo` varchar(1) COLLATE latin1_general_ci NOT NULL,
  `Universidades_idUniversidades` bigint(20) unsigned NOT NULL,
  `BoletasDisponibles` int(10) unsigned NOT NULL DEFAULT '0',
  PRIMARY KEY (`idEventos`),
  UNIQUE KEY `nombre` (`nombre`),
  KEY `fk_Eventos_Escenarios1_idx` (`Escenarios_idEscenarios`),
  KEY `fk_Eventos_Tipo_Artista_Evento1_idx` (`Tipo_Artista_Evento_Tipo`),
  KEY `fk_Eventos_Universidades1_idx` (`Universidades_idUniversidades`)
) ENGINE=InnoDB  DEFAULT CHARSET=latin1 COLLATE=latin1_general_ci AUTO_INCREMENT=11 ;

--
-- Dumping data for table `Eventos`
--

INSERT INTO `Eventos` (`idEventos`, `nombre`, `horaInicio`, `horaFinalizacion`, `fecha`, `descripcion`, `Escenarios_idEscenarios`, `Tipo_Artista_Evento_Tipo`, `Universidades_idUniversidades`, `BoletasDisponibles`) VALUES
(4, 'Concierto', '12:31:00', '02:13:00', '0231-02-13', '123', 7, 't', 6532211, 1199),
(5, 'Teatro', '12:31:00', '12:31:00', '0000-00-00', '123123213', 7, 't', 8925166, 21),
(7, 'la patria boba', '08:00:00', '10:02:00', '2016-10-12', 'obra comica del aguila descalza', 7, 't', 6735621, 2),
(9, 'Hamlet', '20:00:00', '22:00:00', '2017-12-09', '', 11, 't', 8925166, 1),
(10, 'maana le pago', '20:00:00', '21:00:00', '2016-05-12', 'obra de comedia perfecta para los deudores', 11, 't', 6735621, 0);

-- --------------------------------------------------------

--
-- Table structure for table `Informacion_Contacto`
--

CREATE TABLE IF NOT EXISTS `Informacion_Contacto` (
  `Telefono` bigint(20) unsigned NOT NULL,
  `Direccion` varchar(20) COLLATE latin1_general_ci DEFAULT NULL,
  PRIMARY KEY (`Telefono`),
  UNIQUE KEY `Telefono_UNIQUE` (`Telefono`)
) ENGINE=InnoDB DEFAULT CHARSET=latin1 COLLATE=latin1_general_ci;

--
-- Dumping data for table `Informacion_Contacto`
--

INSERT INTO `Informacion_Contacto` (`Telefono`, `Direccion`) VALUES
(0, 'Cll. 16 S 43 52 Apto'),
(1, 'Cll. 16 S'),
(24514, 'carrera78'),
(123123, 'Cll. 120 83 45'),
(251561, 'carrerasur50'),
(1456131, 'car785a sur'),
(2346157, 'carrera79'),
(2348585, 'norte501'),
(2503248, 'carrera78no se mas'),
(2619500, 'Cll. 4 Sur'),
(3135784, 'Cll. 6 73 21'),
(3212121, 'Cll. 89'),
(3254411, 'Cll. 3 67 32'),
(3425511, 'Cll. 13'),
(3425521, 'Cll. 80 38 76'),
(4145146, 'carrera sur 40 B'),
(5634421, 'Cll. 85 #65 31'),
(5635521, 'Cll. 80'),
(6434343, 'Cll. 45 66 73'),
(6735521, 'Cll. 3 67 32'),
(6735522, 'Cll. 86 78 21'),
(6745231, 'Cll. 80 67 42'),
(6783351, 'Cll. 3 67 32'),
(7635521, 'Cll. 98'),
(7835521, 'Cll. 4 Sur'),
(7835561, 'Cll. 4 Sur'),
(7835567, 'Cll. 16 S 89 64'),
(7854421, 'Cll. 86 #42 67'),
(45615146, 'carrera11'),
(545485464, 'Cll. 4 Sur');

-- --------------------------------------------------------

--
-- Table structure for table `Paises`
--

CREATE TABLE IF NOT EXISTS `Paises` (
  `idPaises` varchar(3) COLLATE latin1_general_ci NOT NULL,
  `Nombre` varchar(45) COLLATE latin1_general_ci DEFAULT NULL,
  PRIMARY KEY (`idPaises`)
) ENGINE=InnoDB DEFAULT CHARSET=latin1 COLLATE=latin1_general_ci;

--
-- Dumping data for table `Paises`
--

INSERT INTO `Paises` (`idPaises`, `Nombre`) VALUES
('ABW', 'Aruba'),
('AFG', 'Afghanistan'),
('AGO', 'Angola'),
('AIA', 'Anguilla'),
('ALA', 'land Islands'),
('ALB', 'Albania'),
('AND', 'Andorra'),
('ARE', 'United Arab Emirates'),
('ARG', 'Argentina'),
('ARM', 'Armenia'),
('ASM', 'American Samoa'),
('ATA', 'Antarctica'),
('ATF', 'French Southern Territories'),
('ATG', 'Antigua & Barbuda'),
('AUS', 'Australia'),
('AUT', 'Austria'),
('AZE', 'Azerbaijan'),
('BDI', 'Burundi'),
('BEL', 'Belgium'),
('BEN', 'Benin'),
('BES', 'Caribbean Netherlands'),
('BFA', 'Burkina Faso'),
('BGD', 'Bangladesh'),
('BGR', 'Bulgaria'),
('BHR', 'Bahrain'),
('BHS', 'Bahamas'),
('BIH', 'Bosnia'),
('BLM', 'St. Barthlemy'),
('BLR', 'Belarus'),
('BLZ', 'Belize'),
('BMU', 'Bermuda'),
('BOL', 'Bolivia'),
('BRA', 'Brazil'),
('BRB', 'Barbados'),
('BRN', 'Brunei'),
('BTN', 'Bhutan'),
('BVT', 'Bouvet Island'),
('BWA', 'Botswana'),
('CAF', 'Central African Republic'),
('CAN', 'Canada'),
('CCK', 'Cocos (Keeling) Islands'),
('CHE', 'Switzerland'),
('CHL', 'Chile'),
('CHN', 'China'),
('CIV', 'Cte dIvoire'),
('CMR', 'Cameroon'),
('COD', 'Congo - Kinshasa'),
('COG', 'Congo - Brazzaville'),
('COK', 'Cook Islands'),
('COL', 'Colombia'),
('COM', 'Comoros'),
('CPV', 'Cape Verde'),
('CRI', 'Costa Rica'),
('CUB', 'Cuba'),
('CUW', 'Curaao'),
('CXR', 'Christmas Island'),
('CYM', 'Cayman Islands'),
('CYP', 'Cyprus'),
('CZE', 'Czechia'),
('DEU', 'Germany'),
('DJI', 'Djibouti'),
('DMA', 'Dominica'),
('DNK', 'Denmark'),
('DOM', 'Dominican Republic'),
('DZA', 'Algeria'),
('ECU', 'Ecuador'),
('EGY', 'Egypt'),
('ERI', 'Eritrea'),
('ESH', 'Western Sahara'),
('ESP', 'Spain'),
('EST', 'Estonia'),
('ETH', 'Ethiopia'),
('FIN', 'Finland'),
('FJI', 'Fiji'),
('FLK', 'Falkland Islands'),
('FRA', 'France'),
('FRO', 'Faroe Islands'),
('FSM', 'Micronesia'),
('GAB', 'Gabon'),
('GBR', 'UK'),
('GEO', 'Georgia'),
('GGY', 'Guernsey'),
('GHA', 'Ghana'),
('GIB', 'Gibraltar'),
('GIN', 'Guinea'),
('GLP', 'Guadeloupe'),
('GMB', 'Gambia'),
('GNB', 'Guinea-Bissau'),
('GNQ', 'Equatorial Guinea'),
('GRC', 'Greece'),
('GRD', 'Grenada'),
('GRL', 'Greenland'),
('GTM', 'Guatemala'),
('GUF', 'French Guiana'),
('GUM', 'Guam'),
('GUY', 'Guyana'),
('HKG', 'Hong Kong'),
('HMD', 'Heard & McDonald Islands'),
('HND', 'Honduras'),
('HRV', 'Croatia'),
('HTI', 'Haiti'),
('HUN', 'Hungary'),
('IDN', 'Indonesia'),
('idP', 'Nombre'),
('IMN', 'Isle of Man'),
('IND', 'India'),
('IOT', 'British Indian Ocean Territory'),
('IRL', 'Ireland'),
('IRN', 'Iran'),
('IRQ', 'Iraq'),
('ISL', 'Iceland'),
('ISR', 'Israel'),
('ITA', 'Italy'),
('JAM', 'Jamaica'),
('JEY', 'Jersey'),
('JOR', 'Jordan'),
('JPN', 'Japan'),
('KAZ', 'Kazakhstan'),
('KEN', 'Kenya'),
('KGZ', 'Kyrgyzstan'),
('KHM', 'Cambodia'),
('KIR', 'Kiribati'),
('KNA', 'St. Kitts & Nevis'),
('KOR', 'South Korea'),
('KWT', 'Kuwait'),
('LAO', 'Laos'),
('LBN', 'Lebanon'),
('LBR', 'Liberia'),
('LBY', 'Libya'),
('LCA', 'St. Lucia'),
('LIE', 'Liechtenstein'),
('LKA', 'Sri Lanka'),
('LSO', 'Lesotho'),
('LTU', 'Lithuania'),
('LUX', 'Luxembourg'),
('LVA', 'Latvia'),
('MAC', 'Macau'),
('MAF', 'St. Martin'),
('MAR', 'Morocco'),
('MCO', 'Monaco'),
('MDA', 'Moldova'),
('MDG', 'Madagascar'),
('MDV', 'Maldives'),
('MEX', 'Mexico'),
('MHL', 'Marshall Islands'),
('MKD', 'Macedonia'),
('MLI', 'Mali'),
('MLT', 'Malta'),
('MMR', 'Myanmar'),
('MNE', 'Montenegro'),
('MNG', 'Mongolia'),
('MNP', 'Northern Mariana Islands'),
('MOZ', 'Mozambique'),
('MRT', 'Mauritania'),
('MSR', 'Montserrat'),
('MTQ', 'Martinique'),
('MUS', 'Mauritius'),
('MWI', 'Malawi'),
('MYS', 'Malaysia'),
('MYT', 'Mayotte'),
('NAM', 'Namibia'),
('NCL', 'New Caledonia'),
('NER', 'Niger'),
('NFK', 'Norfolk Island'),
('NGA', 'Nigeria'),
('NIC', 'Nicaragua'),
('NIU', 'Niue'),
('NLD', 'Netherlands'),
('NOR', 'Norway'),
('NPL', 'Nepal'),
('NRU', 'Nauru'),
('NZL', 'New Zealand'),
('OMN', 'Oman'),
('PAK', 'Pakistan'),
('PAN', 'Panama'),
('PCN', 'Pitcairn Islands'),
('PER', 'Peru'),
('PHL', 'Philippines'),
('PLW', 'Palau'),
('PNG', 'Papua New Guinea'),
('POL', 'Poland'),
('PRI', 'Puerto Rico'),
('PRK', 'North Korea'),
('PRT', 'Portugal'),
('PRY', 'Paraguay'),
('PSE', 'Palestine'),
('PYF', 'French Polynesia'),
('QAT', 'Qatar'),
('REU', 'Runion'),
('ROU', 'Romania'),
('RUS', 'Russia'),
('RWA', 'Rwanda'),
('SAU', 'Saudi Arabia'),
('SDN', 'Sudan'),
('SEN', 'Senegal'),
('SGP', 'Singapore'),
('SGS', 'South Georgia & South Sandwich Islands'),
('SHN', 'St. Helena'),
('SJM', 'Svalbard & Jan Mayen'),
('SLB', 'Solomon Islands'),
('SLE', 'Sierra Leone'),
('SLV', 'El Salvador'),
('SMR', 'San Marino'),
('SOM', 'Somalia'),
('SPM', 'St. Pierre & Miquelon'),
('SRB', 'Serbia'),
('SSD', 'South Sudan'),
('STP', 'So Tom & Prncipe'),
('SUR', 'Suriname'),
('SVK', 'Slovakia'),
('SVN', 'Slovenia'),
('SWE', 'Sweden'),
('SWZ', 'Swaziland'),
('SXM', 'Sint Maarten'),
('SYC', 'Seychelles'),
('SYR', 'Syria'),
('TCA', 'Turks & Caicos Islands'),
('TCD', 'Chad'),
('TGO', 'Togo'),
('THA', 'Thailand'),
('TJK', 'Tajikistan'),
('TKL', 'Tokelau'),
('TKM', 'Turkmenistan'),
('TLS', 'Timor-Leste'),
('TON', 'Tonga'),
('TTO', 'Trinidad & Tobago'),
('TUN', 'Tunisia'),
('TUR', 'Turkey'),
('TUV', 'Tuvalu'),
('TWN', 'Taiwan'),
('TZA', 'Tanzania'),
('UGA', 'Uganda'),
('UKR', 'Ukraine'),
('UMI', 'U.S. Outlying Islands'),
('URY', 'Uruguay'),
('USA', 'US'),
('UZB', 'Uzbekistan'),
('VAT', 'Vatican City'),
('VCT', 'St. Vincent & Grenadines'),
('VEN', 'Venezuela'),
('VGB', 'British Virgin Islands'),
('VIR', 'U.S. Virgin Islands'),
('VNM', 'Vietnam'),
('VUT', 'Vanuatu'),
('WLF', 'Wallis & Futuna'),
('WSM', 'Samoa'),
('YEM', 'Yemen'),
('ZAF', 'South Africa'),
('ZMB', 'Zambia'),
('ZWE', 'Zimbabwe');

-- --------------------------------------------------------

--
-- Table structure for table `Participacion`
--

CREATE TABLE IF NOT EXISTS `Participacion` (
  `Eventos_idEventos` int(10) unsigned NOT NULL,
  `Artistas_idArtistas` int(10) unsigned NOT NULL,
  PRIMARY KEY (`Eventos_idEventos`,`Artistas_idArtistas`),
  KEY `fk_Participacion_Eventos1_idx` (`Eventos_idEventos`),
  KEY `fk_Participacion_Artistas1_idx` (`Artistas_idArtistas`)
) ENGINE=InnoDB DEFAULT CHARSET=latin1 COLLATE=latin1_general_ci;

--
-- Dumping data for table `Participacion`
--

INSERT INTO `Participacion` (`Eventos_idEventos`, `Artistas_idArtistas`) VALUES
(4, 9),
(4, 10),
(4, 13),
(5, 9),
(5, 10),
(5, 13);

-- --------------------------------------------------------

--
-- Table structure for table `Puntos_de_Venta`
--

CREATE TABLE IF NOT EXISTS `Puntos_de_Venta` (
  `idPuntos_de_Venta` int(10) unsigned NOT NULL AUTO_INCREMENT,
  `nombre` varchar(45) COLLATE latin1_general_ci NOT NULL,
  `Informacion_Contacto_Telefono` bigint(20) unsigned NOT NULL,
  PRIMARY KEY (`idPuntos_de_Venta`),
  UNIQUE KEY `nombre` (`nombre`),
  KEY `fk_Puntos_de_Venta_Informacion_Contacto1_idx` (`Informacion_Contacto_Telefono`)
) ENGINE=InnoDB  DEFAULT CHARSET=latin1 COLLATE=latin1_general_ci AUTO_INCREMENT=5 ;

--
-- Dumping data for table `Puntos_de_Venta`
--

INSERT INTO `Puntos_de_Venta` (`idPuntos_de_Venta`, `nombre`, `Informacion_Contacto_Telefono`) VALUES
(2, 'Tu Boleta Santafe', 5634421),
(3, 'Tuticket', 7854421),
(4, 'las palmas', 2503248);

-- --------------------------------------------------------

--
-- Table structure for table `Representantes`
--

CREATE TABLE IF NOT EXISTS `Representantes` (
  `idRepresentante` bigint(20) unsigned NOT NULL,
  `nombre` varchar(45) COLLATE latin1_general_ci NOT NULL,
  `telefono` int(10) unsigned NOT NULL,
  `tipoDoc` varchar(1) COLLATE latin1_general_ci NOT NULL,
  PRIMARY KEY (`idRepresentante`,`tipoDoc`)
) ENGINE=InnoDB DEFAULT CHARSET=latin1 COLLATE=latin1_general_ci;

--
-- Dumping data for table `Representantes`
--

INSERT INTO `Representantes` (`idRepresentante`, `nombre`, `telefono`, `tipoDoc`) VALUES
(61735521, 'Producciones Staff', 7856621, 'N'),
(67355221, 'Alberto Isaza', 6735521, 'C'),
(897436627, 'Estefania Bustamante', 6735525, 'C');

-- --------------------------------------------------------

--
-- Table structure for table `Tipo_Artista_Evento`
--

CREATE TABLE IF NOT EXISTS `Tipo_Artista_Evento` (
  `Tipo` varchar(1) COLLATE latin1_general_ci NOT NULL,
  `Nombre` varchar(12) COLLATE latin1_general_ci DEFAULT NULL,
  PRIMARY KEY (`Tipo`),
  UNIQUE KEY `Tipo_UNIQUE` (`Tipo`)
) ENGINE=InnoDB DEFAULT CHARSET=latin1 COLLATE=latin1_general_ci;

--
-- Dumping data for table `Tipo_Artista_Evento`
--

INSERT INTO `Tipo_Artista_Evento` (`Tipo`, `Nombre`) VALUES
('c', 'Cine'),
('l', 'Literatura'),
('m', 'Musica'),
('p', 'Plastica'),
('t', 'Teatro');

-- --------------------------------------------------------

--
-- Table structure for table `Universidades`
--

CREATE TABLE IF NOT EXISTS `Universidades` (
  `idUniversidades` bigint(20) unsigned NOT NULL,
  `nombre` varchar(45) COLLATE latin1_general_ci NOT NULL,
  `Informacion_Contacto_Telefono` bigint(20) unsigned NOT NULL,
  PRIMARY KEY (`idUniversidades`),
  UNIQUE KEY `Nombre_UNIQUE` (`nombre`),
  KEY `fk_Universidades_Informacion_Contacto1_idx` (`Informacion_Contacto_Telefono`)
) ENGINE=InnoDB DEFAULT CHARSET=latin1 COLLATE=latin1_general_ci;

--
-- Dumping data for table `Universidades`
--

INSERT INTO `Universidades` (`idUniversidades`, `nombre`, `Informacion_Contacto_Telefono`) VALUES
(6532211, 'Universidad del Oriente', 6735522),
(6735621, 'Universidad Bolivariana', 6745231),
(8925166, 'Universidad del Tolima', 6735522);

-- --------------------------------------------------------

--
-- Structure for view `BoletasLocalidades`
--
DROP TABLE IF EXISTS `BoletasLocalidades`;

CREATE ALGORITHM=UNDEFINED DEFINER=`dbo655202258`@`%` SQL SECURITY DEFINER VIEW `BoletasLocalidades` AS select `Eventos`.`nombre` AS `Nombre`,`Boletas`.`localidad` AS `localidad`,count(0) AS `COUNT(*)` from (`Boletas` join `Eventos` on((`Boletas`.`Eventos_idEventos` = `Eventos`.`idEventos`))) group by `Boletas`.`localidad`;

--
-- Constraints for dumped tables
--

--
-- Constraints for table `Artistas`
--
ALTER TABLE `Artistas`
  ADD CONSTRAINT `fk_Artistas_Tipo_Artista_Evento1` FOREIGN KEY (`Tipo_Artista_Evento_Tipo`) REFERENCES `Tipo_Artista_Evento` (`Tipo`) ON DELETE NO ACTION ON UPDATE NO ACTION,
  ADD CONSTRAINT `fk_Artistas_Paises1` FOREIGN KEY (`Paises_idPaises`) REFERENCES `Paises` (`idPaises`) ON DELETE NO ACTION ON UPDATE NO ACTION,
  ADD CONSTRAINT `fk_Artistas_Representantes1` FOREIGN KEY (`Representantes_idRepresentante`, `Representantes_tipoDoc`) REFERENCES `Representantes` (`idRepresentante`, `tipoDoc`) ON DELETE NO ACTION ON UPDATE NO ACTION;

--
-- Constraints for table `Boletas`
--
ALTER TABLE `Boletas`
  ADD CONSTRAINT `fk_Boletas_Eventos1` FOREIGN KEY (`Eventos_idEventos`) REFERENCES `Eventos` (`idEventos`) ON DELETE NO ACTION ON UPDATE NO ACTION,
  ADD CONSTRAINT `fk_Boletas_Puntos_de_Venta1` FOREIGN KEY (`Puntos_de_Venta_idPuntos_de_Venta`) REFERENCES `Puntos_de_Venta` (`idPuntos_de_Venta`) ON DELETE NO ACTION ON UPDATE NO ACTION;

--
-- Constraints for table `Escenarios`
--
ALTER TABLE `Escenarios`
  ADD CONSTRAINT `fk_Escenarios_Informacion_Contacto1` FOREIGN KEY (`Informacion_Contacto_Telefono`) REFERENCES `Informacion_Contacto` (`Telefono`) ON DELETE NO ACTION ON UPDATE NO ACTION;

--
-- Constraints for table `Eventos`
--
ALTER TABLE `Eventos`
  ADD CONSTRAINT `fk_Eventos_Escenarios1` FOREIGN KEY (`Escenarios_idEscenarios`) REFERENCES `Escenarios` (`idEscenarios`) ON DELETE NO ACTION ON UPDATE NO ACTION,
  ADD CONSTRAINT `fk_Eventos_Tipo_Artista_Evento1` FOREIGN KEY (`Tipo_Artista_Evento_Tipo`) REFERENCES `Tipo_Artista_Evento` (`Tipo`) ON DELETE NO ACTION ON UPDATE NO ACTION,
  ADD CONSTRAINT `fk_Eventos_Universidades1` FOREIGN KEY (`Universidades_idUniversidades`) REFERENCES `Universidades` (`idUniversidades`) ON DELETE NO ACTION ON UPDATE NO ACTION;

--
-- Constraints for table `Participacion`
--
ALTER TABLE `Participacion`
  ADD CONSTRAINT `fk_Participacion_Eventos1` FOREIGN KEY (`Eventos_idEventos`) REFERENCES `Eventos` (`idEventos`) ON DELETE NO ACTION ON UPDATE NO ACTION,
  ADD CONSTRAINT `fk_Participacion_Artistas1` FOREIGN KEY (`Artistas_idArtistas`) REFERENCES `Artistas` (`idArtistas`) ON DELETE NO ACTION ON UPDATE NO ACTION;

--
-- Constraints for table `Puntos_de_Venta`
--
ALTER TABLE `Puntos_de_Venta`
  ADD CONSTRAINT `fk_Puntos_de_Venta_Informacion_Contacto1` FOREIGN KEY (`Informacion_Contacto_Telefono`) REFERENCES `Informacion_Contacto` (`Telefono`) ON DELETE NO ACTION ON UPDATE NO ACTION;

--
-- Constraints for table `Universidades`
--
ALTER TABLE `Universidades`
  ADD CONSTRAINT `fk_Universidades_Informacion_Contacto1` FOREIGN KEY (`Informacion_Contacto_Telefono`) REFERENCES `Informacion_Contacto` (`Telefono`) ON DELETE NO ACTION ON UPDATE NO ACTION;

/*!40101 SET CHARACTER_SET_CLIENT=@OLD_CHARACTER_SET_CLIENT */;
/*!40101 SET CHARACTER_SET_RESULTS=@OLD_CHARACTER_SET_RESULTS */;
/*!40101 SET COLLATION_CONNECTION=@OLD_COLLATION_CONNECTION */;
